1029410,-1.0260,-0.9263,-0.9386,0.0818,-1.0846,-0.8054,-1.2361,-1.0363,-0.2410,-0.0746,0.9324,0.1734,-0.3805,-0.5099,-0.1832,1.4667,0.4367,1.1095,0.8871,-1.9454,1.8558,0.1633,1.3400,1.7049,0.2365,,-0.7370,-0.7386,-0.6197,-1.1381,-0.2258,-0.7572,-0.8658,-0.9162,-0.6914,0.0314,1.3234,0.1507,-0.6649,-0.2953,0.6945,1.7912,0.0856,1.1840,0.1146,-1.9606,1.4210,-0.5389,0.4360,0.5855,2.3316,,-0.8124,-0.8117,-0.3154,-0.7649,-0.5037,-0.3781,-0.4406,-0.6992,-0.9071,-0.5082,1.6254,0.4341,-1.5705,0.6075,-1.0584,1.7525,0.6429,0.8836,0.7458,-2.1990,0.7947,0.1940,-0.3376,0.8351,1.3043,1.4868,-0.4005,-0.2849,-0.2482,-1.0923,-0.0521,0.2919,-0.0215,-0.4924,-1.9535,-1.2826,1.6319,0.5498,-1.5490,0.4119,-0.4800,1.0517,-0.4815,0.0122,0.1956,-1.7981,1.5332,0.1585,0.5893,0.4193,1.7489,1.5426,-0.8121,-0.6024,-0.9358,-1.1699,-0.7671,-1.0458,-0.8834,-0.7762,-0.2082,-0.8803,0.6042,0.1400,-0.2082,,-0.0196,1.2329,0.2558,1.4906,0.5445,-1.6150,2.1812,-0.2279,0.7865,1.3383,1.5780,,-0.3327,-0.6199,-0.4991,-1.7277,-0.9498,-0.7337,-0.5670,-0.6700,-1.0153,-0.8165,0.9588,-0.0351,-0.1012,1.5953,0.1006,1.5631,0.1008,0.2935,0.6346,-1.8804,2.0306,-0.7229,0.5529,1.2129,0.2437,1.3844
1029411,-0.9258,-0.8880,-0.8588,0.0659,-1.0562,-0.6956,-1.1454,-0.9621,-0.4186,0.0850,0.7853,0.1510,-0.5075,-0.6262,-0.3073,1.3795,0.4259,1.2052,0.8891,-2.0065,1.8408,0.1991,1.4946,1.7847,0.0919,,-0.7191,-0.6486,-0.6576,-1.2682,-0.1173,-0.7616,-0.8787,-0.9228,-0.8568,-0.2481,1.2757,0.1192,-1.0112,-0.1579,0.7305,1.8340,0.1590,1.1104,0.1846,-1.6555,1.6309,-0.4927,0.5100,0.6500,2.1918,,-0.6135,-0.8230,-0.1461,-0.8973,-0.3772,-0.2372,-0.2709,-0.5289,-0.9511,-0.6638,1.7498,0.5188,-1.7616,0.5629,-1.1070,1.5476,0.6593,0.8693,0.7980,-2.1232,0.8301,-0.0576,-0.4832,0.5977,1.5017,1.4064,-0.3263,-0.2151,-0.1557,-1.1008,0.0515,0.3795,0.0579,-0.4082,-2.0047,-1.4149,1.6575,0.6004,-1.6386,0.1842,-0.4797,1.0103,-0.4903,-0.0560,0.2315,-1.7227,1.5787,0.1392,0.6479,0.3772,1.7234,1.3739,-0.7738,-0.5807,-0.9019,-1.1943,-0.7916,-0.9949,-0.8437,-0.7424,-0.2122,-0.9850,0.5814,0.1524,-0.2254,,-0.0610,1.3007,0.2202,1.5500,0.5104,-1.5699,2.1806,-0.2783,0.7470,1.3715,1.5408,,-0.2592,-0.5475,-0.4521,-1.7951,-0.9361,-0.7376,-0.5157,-0.6455,-1.1242,-0.8667,0.9865,-0.0056,-0.1134,1.4826,0.1369,1.5402,0.1385,0.2710,0.6887,-1.8545,2.0735,-0.7741,0.5764,1.3189,0.1891,1.2251
1029412,-0.7217,-0.6706,-0.8382,0.2532,-1.5375,-0.3578,-0.9556,-0.8896,-0.8247,0.3129,0.8760,-0.0649,-0.8810,-0.0839,-0.1837,1.2529,0.8017,0.8039,0.8843,-2.3455,1.5394,0.5687,1.3057,1.7772,-0.0213,,-0.5764,-0.4193,-0.4924,-1.3035,-0.4250,-0.6625,-0.5449,-0.8813,-1.0238,-0.4015,1.0377,0.1769,-1.7561,-0.2029,0.8589,1.5440,0.3946,1.2609,0.2209,-1.5864,1.5001,-0.0834,0.5287,0.5750,2.2616,,-0.1950,-0.1393,0.3228,-1.3252,0.1647,0.1020,0.1596,-0.3554,-1.0182,-0.7227,1.6278,0.5656,-2.1933,-0.6626,-1.0638,1.1024,0.2945,0.5342,0.7616,-2.0454,1.2157,0.3144,-0.0262,0.3406,2.2221,0.0192,-0.2412,-0.1747,0.1126,-1.4074,0.1972,0.5708,0.1830,-0.2526,-1.4255,-1.3615,1.2906,0.5162,-1.9674,-0.0796,-0.4447,0.5318,-0.4970,-0.4802,-0.1474,-1.3805,1.8291,0.0400,0.5566,0.3525,2.2427,1.4368,-0.3927,-0.2449,-0.7217,-1.3312,-0.6010,-0.7046,-0.3724,-0.4568,-0.4670,-1.2252,0.8158,0.2406,-1.1298,,-0.2289,1.4135,-0.0177,0.9212,0.7892,-1.5417,2.6256,-0.4614,0.5396,1.1832,1.3681,,0.1780,-0.1239,-0.0478,-1.8700,-0.3591,-0.2122,-0.0289,-0.2608,-1.2034,-1.4610,1.3866,0.2379,-0.8658,2.1133,-0.3771,0.3634,-0.0738,-1.2710,0.4410,-1.5741,1.9009,-0.1743,1.0213,1.3078,0.3923,0.5610
1029413,-1.0960,-0.9832,-1.0154,0.1769,-0.8992,-0.7029,-1.1431,-1.0881,-0.7242,0.3974,1.5355,0.2625,-0.4584,-0.2958,-0.3744,1.3129,0.8394,0.8470,0.6103,-1.9346,1.8494,0.0792,1.0500,1.6189,0.1358,,-0.5996,-0.6747,-0.7796,-0.8433,-0.3890,-0.9160,-0.8668,-0.8829,-0.3575,-0.1104,1.6857,0.1366,-1.0302,-0.9015,1.0481,1.5959,0.4367,1.0739,0.5496,-2.3736,1.5597,0.2686,1.1221,0.6530,0.5953,,-0.6574,-0.5546,0.0372,-0.5163,-0.6638,0.1608,0.0249,-0.2340,-1.3887,-0.3708,1.8414,0.8897,-2.2925,-0.4214,-0.3433,0.8808,0.2768,0.7558,0.4395,-2.3615,1.4327,0.5432,-0.2565,0.3616,1.2906,1.1260,-1.0929,-0.8943,-0.8819,-0.6898,-0.2543,-0.2981,-0.4656,-1.0457,-0.4870,-0.8808,1.2932,0.5616,-1.0453,0.0266,0.2578,1.3605,-0.1145,-0.7625,0.5681,-2.2165,2.0190,0.6255,1.1389,0.8498,1.1374,1.2907,-0.4579,-0.2632,-0.7885,-1.3529,-0.2679,-0.9082,-0.4881,-0.4061,-0.7555,-0.5618,0.6361,-0.1849,-1.1293,,0.1265,0.8393,0.0396,0.9320,0.8800,-2.0858,2.1952,-0.0924,1.0272,1.3476,1.7190,,-0.3219,-1.0360,-0.1626,-0.9647,-0.1844,-0.6127,-0.6157,-0.6601,-0.9859,-1.0173,1.7803,-0.0212,-1.1496,0.8397,-0.6836,0.8644,0.1081,-0.0663,0.7153,-2.0273,1.7103,0.2839,1.3570,2.1003,0.5274,0.2226
1067494,-0.4471,-0.3154,2.6066,-0.7834,3.2994,-0.6971,-0.4677,-0.2622,-0.6008,-0.7046,-0.6008,-0.2226,-0.5739,-0.6227,-0.5553,-0.3500,0.7248,1.2516,0.5924,-0.2336,-0.3861,-0.1002,0.1867,-0.0128,-0.7254,,0.3275,-1.0317,1.6008,0.4673,-0.8127,0.9277,0.5933,0.5277,-0.5125,-0.7225,-0.2042,0.0142,0.1964,-1.8601,-0.9001,-0.2806,-0.4607,-0.6452,1.7117,1.9845,1.7172,-0.1807,-1.0711,0.0470,-1.4333,,-0.5706,-0.3615,-0.7228,-0.3112,-1.1698,-0.4460,-0.0917,0.5614,0.8946,0.8263,-0.5021,0.4258,2.2668,1.3836,-0.2561,-0.8456,0.1693,0.6367,1.1817,-0.5609,0.2814,-0.6447,-0.7271,2.0121,-1.4101,-2.0195,-0.1066,0.3217,0.3144,-0.2883,2.8755,0.3019,0.6039,-0.2823,1.0583,1.4906,-0.1381,0.1868,1.2143,-1.3416,1.0944,-0.8385,-0.5374,-0.8717,-0.7831,0.0047,0.9055,-1.2189,-0.5215,-1.0295,-0.9685,-1.4459,-0.3064,-0.4092,-0.2862,-0.0973,-0.3390,-0.3449,-0.2371,-0.0253,0.0393,-0.3082,-0.2471,4.6952,0.0807,,-0.1010,-0.2742,0.4984,-0.4948,-0.1492,-0.2236,-0.4938,-0.2645,-0.1807,-0.1987,-0.3325,,-0.0785,-0.8276,0.1098,0.1015,-0.6694,-0.1855,1.3825,0.1538,0.1489,-0.0546,1.6656,-0.8429,-0.6194,1.1473,0.3169,-1.1783,0.8035,-1.4321,0.2604,-0.5742,-0.9660,0.7318,2.0811,1.5906,-1.3766,-1.6887
1057703,0.9989,0.9518,0.0109,1.6220,0.0236,0.1602,0.5324,0.0794,-0.4622,-0.4192,0.8755,2.4175,0.4982,-1.8663,-1.5334,-1.1340,1.1173,-0.3165,-0.3491,-1.0621,-0.7279,-0.1783,-0.5403,0.6717,-1.3702,,-0.7961,-0.6022,-0.8550,0.3776,-0.4758,-0.8235,-0.6056,-0.8732,0.4048,0.3028,-0.4629,0.9602,-0.1501,-2.0155,2.0872,0.0913,0.2835,0.1715,1.1414,-0.6922,0.7171,1.5820,1.2913,0.9056,-1.9643,,0.2643,0.4486,-0.2084,0.0717,-0.7453,0.5268,0.5854,0.0807,-0.6817,-0.5356,-0.2361,0.8571,1.1236,1.9773,0.9237,-1.3070,-0.1120,-0.5047,0.0210,-0.9432,-1.5763,1.7315,0.6596,0.7223,-0.4131,-2.7303,-0.5610,-0.6610,-0.7158,0.8322,-1.0375,-0.4752,-0.1840,-0.9214,1.4851,1.3544,-1.3700,0.9001,0.1214,1.4056,0.8868,-0.7266,1.9218,-0.5320,0.4341,-0.4378,0.6695,0.3939,0.5963,0.1716,-2.0734,-1.4774,-0.3913,0.1695,-0.2831,0.0380,-0.2211,-0.4697,-0.5997,-0.5190,-0.3320,1.4122,-0.2688,0.9063,0.5574,,0.8729,-0.4130,1.8286,-0.7948,-0.1509,-1.1675,-1.5723,1.0573,1.0222,1.7051,-2.3860,,-1.0610,-0.9236,-0.6353,1.1091,-0.5574,-0.8331,-0.8957,-1.2377,0.5582,1.2678,-0.6648,1.3292,0.2183,2.1582,0.1801,0.6658,0.2308,-1.8503,-0.0419,-1.8437,1.1080,1.0204,0.0711,0.6272,-0.3117,0.3123
1057704,-0.8246,-1.0532,-1.3899,-0.4072,0.2704,-0.7553,-0.8822,-0.1565,0.0352,-1.2712,1.1983,3.0039,-0.0201,0.8265,0.7868,-0.1842,0.5963,-0.3223,0.3032,-1.8030,0.1447,1.1298,0.7866,0.5115,-0.5233,,-0.6507,-1.2618,-0.2651,-0.1116,-0.7597,-0.5473,0.0022,-0.5989,-0.0058,-0.1698,-0.4580,3.7483,0.2726,-1.0236,0.5955,0.2361,0.0750,0.1393,1.0102,-1.0009,1.4863,-0.7950,0.2283,0.5959,-0.7414,,-0.6096,0.0171,-0.0813,-0.1374,-0.8459,-0.3817,-0.0873,0.1157,0.1527,3.7165,-0.4649,1.3841,0.0430,1.3860,0.2330,-0.3705,-0.4999,-0.8480,0.6374,-1.1940,-0.4878,0.1582,-0.0981,0.7088,-1.0347,-1.4113,-0.7643,-0.1709,-0.5362,-0.2633,-0.0814,-0.5093,-0.4324,-0.8317,0.9342,0.7268,-0.1944,1.9514,0.7523,-0.4696,0.6675,-0.0120,-0.2026,0.1003,0.0475,-1.0662,3.5202,-0.2574,0.0712,-0.2706,-1.2857,-1.4236,-0.0955,0.1181,-0.4053,-0.3322,-1.1304,-1.2887,-0.1521,-0.1353,0.2887,0.5869,-0.8060,3.2410,0.8121,,-0.1764,0.7113,0.3639,0.3013,0.2106,-2.2472,0.4336,0.2272,0.5637,0.3145,-1.4038,,-0.5590,-0.5766,-0.5328,-0.1144,0.3986,-0.3306,-0.4741,-0.6060,0.7652,0.7880,-1.3433,3.2480,0.2949,1.2025,0.9515,-0.7725,0.2988,-1.3259,-0.1144,-1.6602,0.9919,0.0696,-0.0973,0.9566,-0.7957,-0.6629
1057705,0.0541,-0.4738,0.0601,0.0008,2.7297,-0.0380,0.2972,0.1543,0.1154,-0.0802,-0.7116,3.3979,-0.0606,-0.8796,-0.4128,-0.4054,-0.5157,0.3313,-0.1260,-1.1225,-0.3196,-0.3732,-0.3833,0.1595,-1.3979,,0.1021,-0.5777,-0.3262,1.4165,-0.3173,0.1038,-0.1561,0.1061,-0.0856,-0.0669,0.0188,4.2278,0.3374,-1.4590,-0.4491,-0.1427,0.0127,-0.4661,0.4231,-0.6641,-0.6859,-0.0406,-0.1085,-0.6193,-0.5833,,0.0345,2.2133,-0.0657,-0.1297,-0.8235,-0.2074,-0.4976,-0.3814,-0.8051,0.3069,-0.7784,3.0565,1.1763,1.2638,0.3827,0.2280,-0.4920,-0.4142,-0.4327,-1.0566,0.0378,-1.0137,-0.9859,0.4199,-1.4300,0.3942,-0.1084,-0.2703,-0.1431,0.5121,-0.4406,-0.0367,-0.0582,-0.2167,0.5272,2.8750,-1.2070,2.6446,0.6783,-1.2530,0.9379,-1.1988,-0.1976,-0.4507,-0.5862,-0.9746,0.6188,-0.0763,0.0242,0.1520,-1.4064,-0.3455,-0.0736,-0.1141,-0.2014,0.6395,-1.0696,-0.3648,-0.0917,-0.2226,-1.3328,0.9323,-0.6282,3.3219,1.2349,,0.4803,0.2592,-0.6288,-0.9829,-0.0624,-1.2470,0.7268,0.4555,0.2142,0.3320,-1.5770,,0.0374,0.0992,0.4290,0.5256,-0.4851,-0.0325,0.0630,0.0425,-0.0422,-0.1310,-1.1063,2.7450,0.7732,-1.7368,-0.2253,-1.3041,-0.7245,-0.2226,-0.0259,-1.0363,-0.3204,2.2549,0.4500,1.0547,-1.6376,0.5563
1059175,-0.5796,-0.3408,-0.3630,1.6544,0.1662,-0.5326,-0.4649,-0.2036,1.6797,1.4555,-1.9963,-0.3120,1.4373,-1.9714,-0.2619,1.0268,0.3806,1.5866,0.5387,-0.1075,-0.3761,-0.1209,-0.7001,-0.5425,-1.0526,,0.0672,0.1257,0.0210,0.6733,0.5623,-0.3430,-0.2866,0.0565,0.8145,0.6418,-0.9535,0.2760,-0.1234,-2.9010,0.2584,0.5267,0.7782,0.4005,0.9262,0.1973,-0.6070,1.4558,0.4953,-0.1018,-2.9605,,-0.5252,-0.2221,-0.2689,0.9339,-0.1304,-0.2694,-0.3283,-0.2745,0.8723,0.5642,-0.6853,0.2053,0.5265,0.1371,0.2210,1.0319,0.8761,0.1498,1.2369,-0.4427,-1.1075,1.3738,0.7708,0.6432,-1.9970,-3.2912,-0.6336,-0.4717,-0.5712,1.0022,-0.0874,-0.5626,-0.5052,-0.3653,1.2338,0.5226,-0.1028,0.1174,0.4930,-0.4177,0.3236,1.4543,0.9682,-0.7241,1.4173,-0.3690,-0.4544,1.4453,0.2630,0.8057,-1.7487,-3.0327,0.0141,0.1506,-0.0201,0.4452,0.6742,-0.3946,-0.1068,0.1475,0.3185,0.9598,-2.0637,-0.0974,-0.5919,,1.1039,-0.2867,0.6397,-0.1270,1.0765,-0.0805,0.0113,0.9890,0.3264,0.5478,-3.6356,,-0.1130,-0.0640,0.0250,0.7954,0.6128,-0.2700,-0.3275,0.0353,0.4104,0.1211,-0.3498,0.0935,0.4089,0.2718,-0.4721,1.1116,1.0511,0.2675,0.8080,-0.3649,-0.3501,1.3282,0.0406,0.6898,-1.9141,-3.8456
1059173,0.8636,1.1900,0.9906,0.1981,0.8465,0.0786,0.6364,1.2855,-0.2563,-0.2709,-1.5918,-0.1903,1.2647,-3.0901,-1.6529,-0.6964,-0.7738,0.3628,0.1792,0.9832,-0.2753,-0.2397,0.0940,0.2436,-0.1794,,0.6667,0.8298,0.6085,0.7333,1.0329,0.6028,0.5608,0.8445,0.0070,-0.1436,-0.3566,0.1393,-0.3418,-3.1125,-0.5322,0.3041,0.8442,-0.2675,0.2943,0.6599,-0.6954,0.7081,-0.2284,-0.3910,-2.7672,,0.4898,0.3368,0.2733,0.6145,0.9663,0.0601,0.3217,0.6956,0.8559,0.9836,-0.5397,-0.3499,-0.2191,-0.4978,-0.5675,1.0698,1.0316,0.2277,0.7034,0.2802,-2.7123,0.5598,-1.0637,0.6356,-1.7150,-2.4408,0.9281,1.1057,0.8086,0.4659,1.4395,0.3245,0.8888,1.1882,-0.4090,-0.9599,-0.5869,-0.3133,-1.0056,-1.3889,-0.9440,0.2877,0.7382,-0.5690,0.7153,0.3440,-0.8255,1.0861,0.0996,0.1590,-0.4794,-3.0977,0.9247,1.2225,0.7889,0.0528,1.5031,0.1797,0.7750,1.1783,0.0079,-0.4627,-1.6430,-0.4047,-0.7017,,0.0469,0.1631,0.8568,-0.0634,0.0080,0.7580,-0.9278,0.5096,-1.0186,-0.7297,-3.0237,,1.0004,0.8713,0.7347,0.3212,1.0285,0.7159,0.8264,0.9922,-0.4028,-0.1588,-0.8986,-0.0447,-0.0007,0.5158,-0.3721,-0.0114,0.3145,-0.3739,0.1354,0.4671,-1.0713,1.0870,-0.6119,-0.6026,-0.5781,-3.8835
1059174,-0.4404,-0.1534,-0.2186,1.7718,0.2815,-0.5372,-0.4478,-0.1046,1.7961,1.3245,-1.4675,-0.3092,1.2756,-2.2691,-1.3856,0.1384,0.7001,1.3008,0.7814,-0.6213,-0.2568,-0.0567,0.0057,0.2241,-1.3317,,0.0503,0.1717,-0.0500,0.8017,0.6512,-0.2512,-0.2199,0.0423,0.4575,0.4204,-1.2639,0.0086,0.4579,-2.1879,0.2921,0.9562,0.7175,0.1158,0.8665,0.0724,-0.2801,1.1771,0.2336,0.3492,-3.5890,,-0.2909,-0.1988,-0.2820,0.7753,-0.1664,-0.2221,-0.3553,-0.1454,0.6148,0.7242,-0.8435,-0.0455,0.7611,0.0617,0.1115,1.0494,0.9196,0.0032,0.9463,-0.7479,-1.7899,1.8303,0.8958,1.0507,-2.4999,-2.1559,-0.1546,-0.0449,-0.1514,1.0270,0.1300,-0.2498,-0.0900,0.0600,1.2230,0.5065,-0.9128,0.0568,0.4869,-0.7058,0.3842,1.0468,0.7986,-0.4853,1.1572,-0.6017,0.0980,1.0641,0.1460,0.8331,-2.7701,-2.8518,-0.2765,-0.1978,-0.1798,0.7521,0.3319,-0.5418,-0.3828,-0.1877,0.9702,0.4208,-2.3039,0.0516,0.1989,,0.8772,0.2939,1.0590,-0.0299,1.0592,-0.6084,-0.3421,1.1665,0.4753,0.6543,-3.2604,,-0.1825,0.0934,-0.2305,0.6727,0.3318,-0.3501,-0.2598,-0.0557,0.5308,0.3112,-0.5627,-0.1623,0.4524,0.5919,0.0136,1.5232,0.8912,-0.2859,0.8625,-0.7133,-0.2089,1.0505,0.1591,1.0549,-1.7988,-3.7286
1059168,-0.9804,-1.1549,-0.9496,-0.0104,-0.9045,-0.5595,-0.8239,-0.9936,0.6471,0.5000,0.8206,-0.2598,0.1160,-0.8677,-0.6475,0.7642,0.6736,1.7611,0.6462,-2.0847,1.3310,-0.4075,0.6009,0.5745,2.2089,,-0.6957,-1.0343,-0.8444,-0.4441,-0.6042,-0.7936,-0.6994,-0.7033,-0.0964,0.0179,1.3216,-0.2185,0.2595,-1.5208,-0.4962,1.0075,0.4595,1.5208,0.7908,-2.2904,1.5322,0.1188,1.0598,0.6950,1.6580,,-1.0293,-1.0832,-0.6205,-0.1874,-1.0557,-0.5589,-0.6980,-0.7454,0.0469,0.2270,1.5636,-0.2185,-0.0754,-0.0785,-0.7872,1.2730,0.8148,1.3239,0.5406,-2.8565,0.5555,0.2238,0.5298,1.0084,1.8852,0.0019,-0.9142,-0.9475,-0.9107,-0.7045,-0.6477,-0.4903,-0.6374,-1.2199,-0.1796,-0.5176,1.7736,-0.0671,0.2576,-0.5612,-0.8422,1.4430,0.5513,1.5893,0.8567,-2.0774,1.5139,0.7353,0.9094,0.9450,0.8838,-0.7417,-0.6327,-0.5220,-0.7010,-0.6152,-0.6216,-0.9310,-0.7325,-0.5923,-0.2715,-0.4906,1.0513,-0.5299,-0.4708,,-0.1757,0.6587,0.4353,1.4382,0.4775,-2.2449,1.5221,-0.3506,0.8656,0.9042,2.5294,,-0.6122,-0.9803,-0.7572,-0.5746,-0.8709,-0.6514,-0.7530,-0.6360,-0.5524,-0.2599,1.4980,-0.5497,0.4553,0.5654,-0.5957,1.4814,0.5552,2.0023,0.4674,-2.3691,1.3725,-0.2735,0.5149,0.8990,1.3695,-0.7449
1059170,-0.5396,-0.7389,-0.6622,-0.9584,-1.1262,-0.5996,-0.4970,-0.6658,-0.3076,0.9091,0.6425,-0.3421,-0.6527,-1.2107,-1.3122,0.7198,0.4522,1.1013,0.7073,-1.5267,1.2731,0.4950,1.5152,0.9654,2.3585,,-0.4054,-0.7523,-0.7733,-0.9999,-0.3194,-0.6495,-0.3688,-0.5416,-0.2697,-0.2854,1.5728,-0.1790,-0.0789,-1.8657,-0.1899,1.6071,0.6164,2.4304,0.3044,-1.7840,0.3714,-0.1511,0.3291,0.8144,1.5680,,-0.0099,-0.0657,0.1864,-1.0765,-0.1175,0.0119,0.0779,0.0302,-0.3080,-0.4654,1.7998,-0.1240,-0.3806,-1.5753,-0.7692,1.0196,0.7322,1.9953,0.3651,-1.5299,0.3804,-0.7752,-0.0765,-0.2118,2.5380,-1.6516,-0.0916,-0.0717,-0.0424,-1.3964,0.0103,-0.0610,0.0914,-0.2518,-1.5804,-1.2139,1.2610,-0.1775,-0.0164,-0.7487,-1.0667,1.5255,0.1939,1.9032,0.5099,-1.3061,0.5615,0.8083,0.7241,0.3271,1.9394,-1.8312,-0.6773,-0.7923,-0.8071,-0.7031,-0.9859,-0.9511,-0.5236,-0.6414,0.2448,-0.9969,1.0060,-0.6471,0.0980,,-0.3016,1.2591,0.9155,1.8558,0.7560,-2.2602,1.2301,-0.1032,0.7591,0.6833,1.5831,,-0.2433,-0.7387,-0.4494,-1.1155,-0.7498,-0.2638,-0.4098,-0.4023,-0.4856,-0.4447,1.6914,-0.5942,1.0561,0.1555,-0.1865,1.5383,0.6245,2.1777,0.4860,-1.9457,0.8090,-0.1679,0.0961,-0.0645,1.5282,-1.9010
1059169,-0.7974,-0.8697,-0.7981,-0.0810,-0.9046,-0.6581,-0.6687,-0.8056,0.6170,0.8765,0.8955,-0.4216,0.2224,-1.5160,-1.0960,0.6494,0.6715,1.5749,0.3682,-1.7766,1.3235,-0.2049,0.4983,0.4397,2.4615,,-0.2738,-0.7661,-0.7291,-0.6653,-0.2751,-0.5635,-0.4336,-0.4315,-0.3114,-0.3807,1.6572,-0.1276,-0.2634,-1.7218,-0.4789,0.9628,0.7739,2.2133,0.4534,-2.2511,1.4754,-0.3167,0.7270,0.4543,1.2723,,-0.6704,-0.4810,-0.2619,-0.5843,-0.7313,-0.3428,-0.3872,-0.4067,-0.1074,-0.1245,1.7783,-0.2519,-0.3648,-1.2660,-0.9201,1.2444,0.5822,1.5212,0.5753,-2.4995,0.2855,0.4728,0.7497,0.7124,2.2978,-0.8196,-0.8915,-0.9118,-0.8493,-1.0636,-0.4118,-0.7677,-0.6026,-1.0747,0.0090,-0.4504,1.6259,-0.2078,0.4800,-0.5001,-0.9690,1.4691,0.4990,1.5428,0.7934,-1.9683,1.5759,0.7685,0.9942,0.8477,0.9962,-0.9333,-0.5507,-0.3538,-0.6682,-0.8875,-0.5041,-0.9284,-0.5740,-0.4527,-0.4583,-0.6865,1.0469,-0.6109,-0.5856,,-0.0363,0.9954,0.5046,1.8059,0.3929,-2.1465,1.7418,-0.4807,0.6215,0.5983,2.2169,,-0.4871,-0.9405,-0.5686,-0.5993,-0.5382,-0.4823,-0.7202,-0.5498,-0.5311,-0.5128,1.8536,-0.4638,0.5843,0.5425,-0.8606,1.0811,0.5148,1.9031,0.4780,-2.3141,1.2612,-0.1957,0.5079,0.8930,1.4769,-1.3324
1029276,-0.2992,-0.4358,-0.1298,0.4280,0.1620,0.0994,-0.0502,-0.2015,0.7038,0.0141,0.4762,-0.3610,2.0397,-1.1534,-1.1289,-0.2917,0.1152,1.3133,-0.2211,-2.4598,0.7977,-1.0635,-0.7693,-0.1381,2.5540,,0.6726,0.3024,0.2324,-0.0213,-0.0213,0.0294,0.1283,0.2712,0.0342,0.0482,0.7806,0.0763,1.7219,-2.4580,-0.8298,0.2588,0.3402,1.3913,-0.2284,-3.2723,0.5060,-0.3472,-0.0037,-0.3828,0.7712,,-0.8849,-0.3960,-0.2724,0.8684,-1.0919,-0.0056,-0.1463,-0.3073,0.7199,-0.2491,0.2200,0.1102,1.8121,-0.0492,-1.1146,1.0271,0.2507,0.3517,-0.0154,-3.5397,-0.0262,0.6111,-0.5000,0.5865,0.3379,1.7030,-1.0217,-0.9179,-0.8002,0.4281,-0.4674,-0.6593,-0.7894,-1.0524,1.5047,0.4187,0.7991,0.0471,1.8872,-0.5872,-0.6412,0.5710,0.5816,0.1204,0.2038,-3.0370,1.4023,0.6177,-0.1611,0.7254,0.0125,0.8151,0.3321,0.4239,0.3202,-0.6737,0.6052,-0.3469,0.2259,0.4224,-1.2036,0.2402,0.4856,-0.4084,-0.3347,,-0.3463,-0.9397,-0.1005,1.0238,-0.0005,-3.0492,0.7397,-0.6151,0.1593,0.1999,2.8403,,-0.2581,-0.7505,-0.1443,0.4320,-0.1644,-0.4552,-0.5173,-0.3157,-0.6054,-0.7171,1.4977,-0.2159,1.0696,-0.0338,-2.4512,1.0180,0.3522,0.9294,0.1045,-2.9514,0.9384,0.5568,0.3167,1.2193,0.7420,0.4039
1029275,0.4183,0.8293,0.2689,1.1970,0.7781,0.3070,0.2757,0.7292,0.4201,0.2245,-0.8684,-0.0489,1.4570,-1.8110,-2.9304,-0.7857,0.6528,0.1632,0.0249,-1.8144,0.3966,-0.9004,0.3279,-0.2370,0.9258,,0.1319,0.5896,0.1795,1.8057,1.0312,1.0397,0.6055,0.6136,0.0942,-0.7359,1.0366,-0.1806,1.1025,-2.7794,-1.6487,-1.0083,0.6016,0.5757,-0.1037,-1.1374,-0.5019,0.5661,-1.1207,-0.3118,-0.4450,,-0.8153,-0.2322,-0.6723,1.0187,-0.4192,-0.1658,-0.8186,-0.0494,0.2254,0.1730,1.2602,0.2347,1.4636,2.1191,-1.4633,0.2896,0.1114,-0.2697,-0.1088,-0.8987,-0.9097,1.8812,-0.6439,1.3338,-2.1509,-0.4929,0.4602,0.7787,0.4348,1.6340,0.1780,0.5234,0.5577,0.5015,0.7928,0.6908,-1.1513,-0.1742,1.2236,-3.3086,-0.6864,0.0996,0.9378,-0.6115,-0.1258,-1.9323,-0.5322,0.2890,-0.7084,-0.0234,0.3796,-0.2274,0.9216,0.7025,0.7784,0.3118,-0.1650,-0.2290,0.1092,0.7728,-0.8395,-0.3310,-0.2350,-0.4647,0.8865,,2.2784,-1.5606,0.9188,-0.5625,-0.3274,-2.5282,-0.7852,1.2046,-1.1157,-0.4875,0.7465,,1.2509,0.6031,1.0378,0.6937,0.7962,0.8629,1.0424,0.8941,-0.5011,-0.0846,0.2445,0.1536,1.1605,-2.0541,-0.7803,0.0308,0.3242,-0.5290,0.1181,-0.9100,-1.6057,0.7156,-0.8579,0.0022,0.1586,-2.7664
1029277,-0.3699,-0.5925,-0.1647,1.3299,0.1768,0.0794,-0.1554,-0.3452,1.6533,0.3936,0.0005,-0.4207,1.9256,-1.5577,-0.9483,-0.4316,0.1789,1.4539,-0.0654,-2.4773,0.4275,-0.9379,-0.6745,-0.0416,1.5633,,0.3706,0.0775,-0.1014,0.4233,-0.0787,-0.5328,-0.2983,-0.0905,0.1305,0.1678,0.2853,-0.0984,1.2794,-2.5088,-0.7315,0.7531,0.5256,1.4889,0.3280,-3.2460,1.3394,-0.0168,0.4097,0.1060,0.0180,,-0.8753,-0.6748,-0.3626,0.7751,-0.9840,-0.3404,-0.4271,-0.5927,0.5222,-0.0670,-0.0581,-0.3294,1.5072,0.4210,-1.0848,0.8698,0.3712,0.0582,0.1929,-3.2977,-0.3848,1.7045,0.7895,1.4708,-0.0744,0.8706,-1.2141,-1.0406,-0.9797,0.9517,-0.4566,-0.6564,-0.9884,-1.2235,1.5641,0.5714,0.5404,0.0762,1.6877,-0.5453,-0.2242,0.6420,0.7073,0.1175,0.4890,-2.6166,1.5222,0.4426,-0.1005,1.0587,-0.6570,0.3320,0.2294,0.1565,0.2151,-0.2770,0.3593,-0.4532,0.0534,0.2194,-0.7251,0.3112,0.0717,-0.4996,-0.0575,,-0.4112,-1.0037,0.2799,1.0833,0.2851,-3.5163,0.2950,-0.2479,0.4937,0.4865,2.6516,,-0.3704,-0.7806,-0.1877,0.6565,-0.0939,-0.5473,-0.5337,-0.4030,-0.3060,-0.6966,1.0785,-0.2634,1.1755,-0.1321,-2.2361,1.1410,0.5252,0.7113,0.2741,-2.9869,1.1923,0.3610,0.3873,1.6744,0.4722,-0.1116
1045311,-0.8402,-0.9358,-0.9065,-0.6386,-0.9614,-0.6910,-0.9531,-0.8585,-0.8290,0.1372,0.8382,-0.8383,0.0401,0.2984,-1.1548,1.1579,0.6125,1.1118,0.7976,-1.7445,1.6663,0.5420,1.1183,1.3452,1.6864,,-0.2720,-0.2397,-0.3556,-1.3139,-0.6384,-0.1217,-0.3140,-0.3102,-0.9946,-0.4126,0.9699,-1.1049,0.8958,-0.6951,-0.4362,1.3280,0.2719,1.6280,0.4842,-2.8651,1.0682,0.2390,1.1629,1.1969,0.8290,,-0.6695,-0.6396,-0.7173,1.4021,-0.9484,-0.6748,-0.7316,-0.6263,-1.1964,-0.4819,0.7024,-1.0911,0.2597,-0.2861,-0.9422,1.0002,0.5340,0.9399,0.2105,-2.0727,0.3354,0.4962,0.8622,0.9864,0.7248,2.6240,-0.4061,-0.2901,-0.4415,-1.4155,-0.3465,-0.2200,-0.4227,-0.4625,-1.2356,-0.9402,0.8915,-0.7557,0.4602,-0.2279,-0.9238,0.8781,0.1463,1.0396,0.3944,-2.4335,0.9706,0.8210,0.9184,0.8840,0.5472,2.5703,-0.7666,-0.4166,-0.6671,-1.2358,-0.7259,-0.6299,-0.6698,-0.7630,-0.7148,-0.8705,0.7071,-1.0754,0.1514,,-0.0241,1.4052,0.8679,1.5682,0.6696,-2.0336,1.5989,0.3969,1.3323,1.3392,0.5565,,-0.6253,-0.6272,-0.6515,-1.2929,-0.7388,-0.5066,-0.7832,-0.7326,-1.0280,-0.5801,0.8648,-1.2181,0.8752,0.6674,-0.5738,1.1999,0.3856,1.6391,0.1880,-2.0552,1.0581,0.0412,0.5075,0.8675,1.0742,2.0448
1045310,-0.8478,-0.9561,-0.9371,-0.6793,-0.9506,-0.7066,-0.9594,-0.8586,-0.7081,0.1332,0.8443,-0.8097,0.0597,0.2949,-1.2477,1.1971,0.5877,1.0205,0.7878,-1.6973,1.6533,0.5782,1.1438,1.3572,1.7008,,-0.2526,-0.1992,-0.3246,-1.3699,-0.5712,-0.1131,-0.2897,-0.2941,-1.1130,-0.3755,0.9221,-1.1028,0.8485,-0.5433,-0.4982,1.2694,0.2505,1.6267,0.3866,-2.8811,1.1269,0.2251,1.1437,1.1879,0.9410,,-0.5854,-0.5702,-0.6362,-0.7812,-0.9136,-0.5710,-0.6397,-0.5611,-0.7534,-0.4952,0.8351,-1.0701,0.2609,-0.4571,-0.8668,1.1152,0.6640,0.9820,0.3117,-2.0932,0.2865,0.6773,1.0719,1.1130,0.8549,2.8216,-0.3847,-0.2479,-0.4255,-1.3520,-0.3779,-0.2242,-0.3895,-0.4325,-1.4035,-1.0001,0.9387,-0.7631,0.4594,-0.2518,-0.9464,0.9208,0.1458,1.0674,0.4048,-2.3706,0.9457,0.8302,0.9006,0.8763,0.5531,2.5270,-0.7222,-0.3425,-0.6450,-1.2252,-0.7768,-0.5957,-0.6814,-0.7743,-0.7502,-0.8820,0.6372,-0.9990,0.0618,,-0.0296,1.3651,0.8510,1.6955,0.6956,-2.0730,1.5621,0.3861,1.3094,1.3246,0.6083,,-0.6143,-0.6358,-0.6590,-1.1990,-0.7442,-0.5149,-0.7732,-0.7634,-1.0037,-0.5932,0.8816,-1.1972,0.8727,0.3966,-0.5614,1.2361,0.4307,1.6899,0.1649,-2.0612,1.0708,0.0134,0.5049,0.8676,1.1209,2.0706
1045312,-0.7497,-0.8413,-0.7836,-0.6838,-1.0171,-0.6504,-0.9041,-0.7526,-0.6768,0.2560,0.4637,-0.9682,0.1861,-0.0365,-1.1948,1.1890,0.6570,1.4088,0.8848,-1.9249,1.5423,0.4401,1.2743,1.4391,1.4428,,-0.1887,-0.1494,-0.4072,-1.6649,-0.3107,-0.1693,-0.4071,-0.2941,-1.1797,-0.9898,0.7827,-1.4590,0.7900,-0.4485,-0.5983,1.3389,0.1725,1.5049,0.7900,-2.0864,1.5262,0.2554,1.2986,1.3899,0.5040,,-0.5542,-0.6243,-0.6935,-0.6641,-0.9621,-0.5657,-0.6607,-0.5899,-0.7879,-0.4304,0.8888,-1.0438,0.3021,-0.2876,-0.8030,1.1486,0.6690,1.0408,0.3187,-2.2493,0.4365,0.6188,0.8623,1.1337,0.7194,2.7778,-0.4112,-0.2892,-0.4912,-1.3810,-0.4490,-0.2953,-0.4793,-0.5297,-1.2272,-0.9240,0.9221,-0.8025,0.5629,-0.4910,-0.7604,0.9576,0.1929,1.1759,0.4885,-2.4952,1.2665,0.8880,1.0879,0.9050,0.4871,2.0918,-0.8264,-0.6745,-0.6935,-1.0552,-0.9073,-0.6035,-0.8009,-0.9009,-0.6418,-0.7383,0.5504,-0.9033,0.1043,,0.1582,1.4230,0.8807,1.5388,0.7565,-2.0069,1.4756,0.4102,1.4420,1.3914,0.6215,,-0.6613,-0.5944,-0.7559,-1.1613,-0.8054,-0.5806,-0.7684,-0.7880,-0.9764,-0.4426,0.7947,-1.2635,0.7859,0.6168,-0.3473,1.4197,0.5215,1.7775,0.2376,-2.1395,1.1406,0.1029,0.6519,0.9317,0.3588,1.9448
1058820,-0.4066,-0.5159,-0.6926,-0.8907,-1.0584,-0.2914,-0.1292,-0.3584,-0.4653,0.0695,0.7292,-0.4903,0.8528,-1.8897,-1.5269,0.5637,-0.8338,1.0193,-0.0896,1.2211,1.3178,-0.1984,0.4435,0.7504,2.8697,,0.1371,0.0650,-0.1470,-1.0297,-0.1542,0.9695,0.4617,0.1342,-0.9817,0.3433,1.2591,-0.0884,0.5314,-2.7694,-0.5196,0.7039,-0.3947,1.2107,-1.4510,1.5253,-0.5306,-0.8930,-0.5336,0.1880,1.9636,,-0.0836,-0.1178,0.1199,-0.7429,-0.1520,0.2821,0.3686,0.1957,-0.3363,-0.7184,1.6082,-0.1127,-0.3597,-1.4895,-1.4848,0.2834,0.3275,0.9042,-0.8186,1.8562,-1.5610,-0.8650,-0.5917,-0.5442,1.6476,2.3850,-0.1425,0.0414,-0.1666,-1.2504,0.4520,0.2214,0.1166,-0.2356,-2.3044,-1.5743,1.5953,-0.2772,-0.1748,-1.2411,-1.7417,1.2075,-0.4424,1.5787,-0.2491,1.3511,-0.1856,0.7318,0.4575,0.4009,1.3619,0.4698,-0.5997,-0.7410,-0.5626,-1.2395,-1.1009,0.5107,-0.0751,-0.2838,-1.2132,-1.2912,0.8665,-0.2765,-0.5674,,-0.7242,-0.0325,-0.1709,1.9998,-0.7597,2.0697,1.6019,-0.1850,0.4114,0.7260,1.6370,,0.2602,-0.2575,-0.3352,-1.7451,-1.2150,0.4961,0.3062,-0.1296,-1.5839,-0.7639,1.9317,-0.3957,1.4794,-0.7748,-0.3648,1.0939,-0.1785,1.8987,-0.2315,1.5220,0.2550,-0.7752,-0.8143,-0.9751,1.2179,0.0794
1058821,0.6235,0.4368,-0.0033,-1.3483,-0.9489,0.3634,0.8093,0.4937,-0.5977,0.2082,0.8523,-0.5798,-0.4091,-1.7331,-1.5475,-0.5159,-1.0093,0.0506,-0.4146,1.8134,-0.4056,0.3152,0.4829,0.1713,2.8928,,0.3096,0.2496,0.2611,-1.1051,0.0634,1.0990,0.8113,0.4670,-0.9360,-0.1579,1.1137,0.0120,-0.1430,-2.1178,-0.4295,0.7026,0.1109,1.5287,-1.4086,1.2643,-1.6488,-0.6423,-0.9386,-0.4612,1.9957,,0.6952,0.8621,0.7566,-0.6109,0.7440,0.6167,0.9898,0.8990,-0.5324,-0.8805,1.0945,-0.1259,-1.1150,-0.9352,-0.7507,-0.6487,0.2272,0.4127,-1.3211,2.0794,-1.8697,-0.9874,-0.8157,-1.1797,1.3437,1.0521,0.5054,0.6056,0.5582,-1.1283,0.9875,0.3841,0.6982,0.5185,-2.5274,-1.4899,0.3940,-0.3463,-0.6636,-0.9992,-1.5905,0.9177,-0.3254,1.1641,-0.4204,1.5156,-0.9737,0.4919,0.2275,-0.3709,1.6964,0.1709,0.2894,0.3392,0.0595,-1.4010,-0.6047,0.8889,0.9461,0.6091,-1.2071,-1.7598,0.7871,-1.1406,-0.3554,,-0.9274,0.5875,-0.0538,1.4344,-0.5960,2.3102,1.2031,-0.5547,-0.8868,-0.7934,0.8263,,0.6582,-0.1091,0.1406,-1.6652,-0.7129,0.9242,0.6271,0.2069,-1.3181,-0.6743,1.6580,-0.5211,1.8648,-0.5181,-0.0863,0.5155,-0.1064,1.3519,-0.3302,1.6106,-0.7701,-0.2161,-1.0133,-2.0908,0.9895,-0.4155
1058822,-0.6484,-0.7081,-1.1711,-0.2039,-1.1820,0.2125,-0.1974,-0.7619,-0.1290,1.1369,0.1605,-0.8703,-0.5434,-1.0879,0.0209,-0.7518,-0.5391,0.8290,-0.5104,1.4601,1.8161,0.6468,0.0079,-0.0484,3.0622,,0.3818,0.1164,-0.0026,-0.9395,-0.1987,0.9279,0.7448,0.3382,-1.2048,-0.1141,1.0801,0.0694,-0.8858,-3.0068,-0.2491,0.0522,0.1044,1.3687,-0.9569,1.5736,-1.0683,0.1447,0.2804,-0.3510,1.7950,,0.3096,0.5569,0.3257,-0.4324,-0.2646,0.5793,0.8038,0.5697,-0.4562,-0.5775,0.9725,-0.1161,-1.2862,-0.8744,-0.2825,-1.6629,0.0586,0.8662,-1.5903,2.2057,-2.0732,0.2460,1.1095,-1.0930,0.9814,1.1245,-0.6071,-0.6073,-0.5568,-0.9451,0.4370,-0.3187,-0.1563,-0.5042,-1.3549,-0.6976,0.5129,-0.8620,-0.8914,-1.0086,-0.9025,1.7901,-0.3708,1.2936,-0.6426,2.8250,0.9523,0.5276,1.0954,0.3744,1.1480,-0.5303,0.1174,0.1122,-0.3333,-0.8568,-0.2591,0.7000,0.9923,0.4465,-2.1145,-0.9652,0.3776,-1.1344,-1.5628,,-0.5248,-0.2673,-0.3020,1.3398,-0.3531,2.2075,1.9785,-0.2818,-0.0382,-0.1988,0.9205,,0.2045,-1.0698,-0.3429,-0.6428,-0.4732,0.9780,0.3384,-0.2379,-1.8170,-1.1592,2.1928,-0.6055,1.8319,-0.3778,-0.8129,-0.8637,0.2992,1.6973,-0.2269,1.9134,-0.6414,0.1833,0.0301,-0.7333,0.6592,-0.3238
1024749,0.2928,0.5299,0.4324,2.0119,0.4037,0.1737,0.3516,0.5101,0.8063,0.3679,-0.1949,1.4537,1.8211,-1.0089,-0.6488,-0.2368,-0.5769,-0.8513,-0.6841,-2.5036,0.1375,-0.2336,-0.4693,0.1090,-1.9936,,0.5045,0.6891,0.6878,1.8511,0.6377,0.9767,0.7030,0.7319,0.0622,0.9018,-0.9223,1.6402,0.8925,-0.4279,0.1883,-1.2603,0.0704,-1.3512,-1.2457,-2.3337,-0.8292,-0.3304,-0.7018,-0.2087,-0.9261,,0.0549,0.6190,0.6943,2.0373,0.6322,0.3455,0.4016,0.5526,0.4844,0.7190,-0.1381,1.3949,0.9179,-1.2645,-0.4149,-0.7234,0.5505,-1.2280,-0.5587,-2.2758,-1.0108,0.4301,-0.6024,-0.2029,-2.1614,0.7465,0.6272,0.8526,0.8681,1.2896,1.2627,0.7651,0.9401,0.7494,-0.5415,-0.8392,0.2894,1.1580,-0.1471,-0.4087,-1.1061,-0.0746,0.0036,-1.6457,-0.5100,-1.9627,-1.0369,0.7011,0.5227,0.4351,-2.4645,0.2723,0.4840,0.8461,0.5789,1.1641,0.9460,0.1931,0.4737,0.6621,0.1613,-0.0145,-1.0924,0.9271,0.0606,,0.0437,-1.0405,-0.1523,-0.9095,-0.7441,-1.6272,0.6302,0.5830,0.4653,0.6944,-3.3331,,0.8069,0.5432,0.6659,1.1511,0.4523,0.4990,0.4339,0.6926,-0.0393,-0.0796,-0.6704,1.3449,1.4986,-1.2964,-0.3293,0.2640,0.0555,-0.5033,-0.3488,-1.7973,-0.3573,0.6338,-0.0405,-0.3430,-3.3929,0.1563
1024750,0.2212,0.4921,0.2984,2.3242,-0.0530,0.1863,0.1548,0.2805,1.1399,1.4390,-1.6857,0.4714,1.1632,-0.3591,-0.4506,-0.4083,-0.3478,-0.0254,-0.3206,-1.9498,-0.2960,0.1477,0.0926,0.0626,-2.5777,,0.8695,1.0857,0.7938,1.3889,0.8130,0.9482,0.8415,0.8975,-0.2017,0.3296,-1.4611,1.3702,-0.2272,-1.0242,-0.0182,-1.0826,-0.0465,-0.1183,-1.3974,1.5083,-1.4076,-0.3083,-1.2304,-0.6785,-1.6441,,0.3231,0.9257,0.5460,1.8070,0.6978,0.3839,0.4404,0.6488,0.8536,0.7183,-0.5999,1.1995,0.8746,-2.0639,-0.2883,-0.5132,0.6421,-0.3498,-0.4795,-1.2839,-1.1942,0.2840,-0.8637,-0.3898,-2.6266,0.3081,0.7855,0.9049,0.7746,1.4299,0.9408,0.5429,0.8525,0.8301,-0.1630,-0.2178,-0.8662,0.9234,-0.0944,-0.0952,-0.2943,-0.3484,0.1752,-1.2734,-0.3733,-1.2066,-0.9918,0.6354,0.6464,0.3246,-3.4834,-0.3584,0.5314,0.6990,0.5578,1.4554,0.5502,0.3853,0.5607,0.6176,0.3063,0.1201,-1.5722,0.8311,-0.0262,,0.3470,-0.9726,-0.0667,-1.2793,-0.4507,-0.9143,0.5063,0.4306,0.3465,0.4784,-3.4415,,0.6010,0.4379,0.3570,1.5780,0.3861,0.4756,0.3223,0.4931,0.4043,0.3771,-0.8719,1.1195,1.2059,-1.2282,0.2865,-0.2548,0.2756,-0.7727,-0.2013,-1.3951,-0.2853,0.8738,0.0132,-0.3383,-3.6048,-0.2546
1026863,-0.6369,-1.1891,-0.6782,-1.1655,-1.2357,-0.9193,-0.6813,-0.8819,-0.8638,0.4014,0.8921,-0.4220,-0.4841,-0.2217,-1.1074,0.8069,0.4008,1.2374,0.8625,-0.9429,1.2976,0.7881,1.2159,1.3288,2.1982,,-0.2456,-0.6500,-0.4044,-1.4318,-0.1854,-0.3372,-0.0113,-0.3241,-0.8110,-0.7764,1.4335,-0.1424,-0.2101,-2.4946,-0.7435,1.4786,0.4885,1.8649,0.4278,-1.0018,0.9658,0.0040,0.6044,0.8165,1.6855,,-0.2083,-0.2441,-0.4151,-1.5106,-0.7909,0.1530,-0.2525,-0.2037,-0.8921,-0.6175,1.4923,-0.1756,-0.2547,-0.4997,-1.0463,1.3755,0.5066,1.7088,0.3105,-1.7085,0.9573,0.1806,0.6602,0.6040,2.3887,-1.5182,-0.0787,-0.1411,-0.0490,-1.4598,0.1027,-0.0575,0.0120,-0.3322,-1.1472,-0.5560,0.9444,-0.0215,0.4668,-0.9854,-0.8136,1.3003,0.1408,1.3930,0.4852,-1.2236,1.1000,0.7734,0.7774,0.5769,1.6865,-2.8939,-0.5898,-0.6486,-0.5845,-1.7260,-0.6869,-0.8120,-0.6093,-0.4652,-1.1263,-0.6698,1.3456,-0.3246,0.1454,,-0.2783,1.2964,0.4401,1.5681,0.7352,-1.6781,1.5836,-0.0223,0.6751,0.5647,1.8673,,-0.0381,-0.4982,-0.1412,-1.5404,-0.3965,0.0401,-0.1252,-0.2696,-0.6866,-0.2181,1.4415,-0.3853,0.8663,0.1829,-0.3133,1.0215,0.2830,1.4489,0.3477,-1.3068,0.9718,0.0054,0.4533,0.5727,1.5381,-3.2539
1026866,-0.8729,-1.2464,-0.8805,-0.8673,-0.9567,-0.9687,-0.9339,-1.0265,-0.6284,0.5259,0.7297,-0.4826,-0.1004,-0.5729,-0.7401,0.8702,0.3563,1.4483,0.8855,-1.1677,1.3711,0.6353,1.1716,1.3291,2.1219,,-0.3397,-0.7935,-0.5811,-1.5917,-0.2304,-0.5163,-0.2590,-0.4921,-0.7583,-0.4531,1.3550,-0.2459,0.0843,-2.1282,-0.6687,1.4243,0.2923,1.6937,0.5918,-1.2050,1.3219,-0.0171,0.9077,0.8951,1.7138,,-0.5466,-0.5130,-0.7064,-1.0548,-1.0574,-0.2108,-0.6507,-0.5446,-0.6553,-0.2743,1.3759,-0.3431,0.0415,0.3250,-1.0595,1.4935,0.4222,1.5091,0.3129,-1.8726,0.7748,0.6515,0.9604,1.3244,1.9044,-1.6064,-0.3117,-0.4176,-0.3686,-1.3476,-0.2543,-0.3388,-0.2910,-0.5935,-0.7428,-0.2784,1.0308,-0.1616,0.4534,-0.6660,-0.5666,1.4145,0.1174,1.3586,0.6543,-1.4198,1.5483,0.7765,0.8388,0.8308,1.4857,-2.7507,-0.6513,-0.7294,-0.6330,-1.5928,-0.7272,-0.8418,-0.7190,-0.5643,-1.1870,-0.5087,1.1486,-0.3725,0.0754,,-0.0470,1.2788,0.3828,1.6868,0.7220,-1.6115,1.4842,-0.0476,0.8579,0.6494,1.9472,,-0.2712,-0.6137,-0.3870,-1.2892,-0.6182,-0.1852,-0.3323,-0.4053,-0.7174,-0.1737,1.3231,-0.4306,0.6962,0.3857,-0.4347,1.3318,0.2958,1.5380,0.3017,-1.4841,1.2544,0.0657,0.5653,1.0104,1.4425,-2.8678
1026865,-0.9467,-1.3184,-0.9076,-0.9097,-0.7960,-0.9599,-0.9507,-1.0573,-0.4672,0.5293,0.8069,-0.4353,-0.1540,-0.6014,-0.6358,0.9915,0.3546,1.5383,0.8085,-1.2570,1.4532,0.5246,1.0835,1.2846,2.0221,,-0.5192,-0.9590,-0.7737,-1.5781,-0.4628,-0.7116,-0.4904,-0.6930,-0.6731,-0.2926,1.2510,-0.3482,0.1693,-1.6126,-0.5471,1.4824,0.2648,1.6947,0.7277,-1.2000,1.5395,0.1044,1.0386,0.9726,1.6164,,-0.6987,-0.7269,-0.7447,-1.1720,-1.0804,-0.4086,-0.7175,-0.6442,-0.7928,-0.1547,1.2771,-0.4215,0.0132,0.3338,-0.9265,1.5022,0.3499,1.3559,0.3434,-1.9042,0.7285,0.9690,1.1623,1.5270,1.8120,-0.9815,-0.5504,-0.6142,-0.5827,-1.3420,-0.5080,-0.5751,-0.5163,-0.8654,-0.7515,-0.3066,1.2393,-0.2667,0.4801,-0.7009,-0.5773,1.5234,0.1320,1.4283,0.7700,-1.6869,1.8120,0.7939,0.8569,0.9816,1.4643,-1.6376,-0.7283,-0.6627,-0.6975,-1.5576,-0.7030,-0.8703,-0.7738,-0.6543,-1.1578,-0.4943,1.0303,-0.4625,0.0293,,0.0370,1.2562,0.3652,1.7551,0.6884,-1.5591,1.4323,0.1426,0.9603,0.6630,1.9613,,-0.4674,-0.7798,-0.5526,-1.4119,-0.7591,-0.4007,-0.5542,-0.5744,-0.9158,-0.2188,1.2967,-0.5661,0.5820,0.4997,-0.5413,1.5158,0.2777,1.7542,0.3215,-1.6895,1.4744,0.0272,0.6697,1.2299,1.4981,-1.7150
1026864,-0.9590,-1.2631,-0.9081,-0.9345,-0.8270,-0.9383,-0.9387,-1.0488,-0.5001,0.5316,0.8129,-0.4359,-0.1351,-0.5799,-0.7042,1.0207,0.3239,1.5330,0.7970,-1.2373,1.4430,0.5392,1.0848,1.2936,2.0302,,-0.5370,-0.9828,-0.8010,-1.5576,-0.4596,-0.7358,-0.4847,-0.7003,-0.6474,-0.3328,1.2541,-0.3875,0.1541,-1.4780,-0.5785,1.5229,0.2652,1.7041,0.7346,-1.2309,1.5701,0.0920,1.0597,0.9703,1.5868,,-0.7099,-0.7556,-0.7614,-1.1555,-1.1173,-0.4461,-0.7440,-0.6621,-0.7298,-0.1937,1.2894,-0.4203,0.0398,0.4102,-0.9739,1.4149,0.3263,1.3695,0.3268,-1.8336,0.7539,0.9456,1.2083,1.5499,1.8286,-0.9601,-0.5643,-0.6442,-0.6044,-1.3759,-0.4995,-0.5871,-0.5580,-0.8912,-0.7523,-0.3303,1.1960,-0.2655,0.4879,-0.6752,-0.5978,1.5429,0.1299,1.4470,0.7462,-1.6591,1.8365,0.8187,0.8579,0.9776,1.4896,-1.5255,-0.7170,-0.6918,-0.7010,-1.5401,-0.7265,-0.8941,-0.7563,-0.6631,-1.1952,-0.4424,1.0487,-0.4695,0.0786,,0.0553,1.2408,0.3680,1.7537,0.6453,-1.5411,1.4887,0.1116,0.9598,0.6567,1.9309,,-0.4481,-0.7937,-0.5441,-1.4638,-0.7956,-0.3723,-0.5391,-0.5731,-0.9344,-0.2161,1.2958,-0.6031,0.5515,0.4367,-0.5792,1.4427,0.2641,1.7563,0.3284,-1.6679,1.4990,0.0846,0.7037,1.2705,1.5379,-1.6408
1010878,-0.6403,-0.7691,-0.5468,1.2258,-0.2389,0.5431,-0.1600,-0.5269,2.0521,0.9225,0.2349,-0.8079,0.2106,-0.5864,-1.0578,0.9917,-0.5994,0.7054,0.5095,-2.7739,1.3190,-1.4148,0.2565,0.5732,0.5780,,-0.0145,-0.1823,-0.1899,-0.2588,0.4496,0.3356,-0.0281,0.0235,-0.0609,0.0854,0.7491,-0.3238,-0.7462,-1.1942,-0.4107,0.7225,-0.8262,1.8948,0.1491,-3.2920,0.6552,-0.9215,0.6544,0.8036,1.9266,,-0.4918,-0.7720,0.0248,0.2666,-0.0125,0.0904,0.0577,-0.1358,0.1935,-0.1317,0.6721,-0.8671,-1.4504,0.3305,-0.9778,0.1801,-0.2087,1.3833,-0.1258,-2.7312,-0.2991,-0.0210,1.2445,0.6214,0.1396,3.0206,-0.8543,-0.6234,-0.6004,0.3484,0.2658,0.0965,-0.3739,-0.7151,0.1938,-0.9868,1.2923,-0.3914,-0.6806,0.6737,-0.9255,0.6939,-0.5795,0.7900,0.5310,-3.1801,0.8342,0.0526,0.8121,1.4542,-0.0632,1.9356,-0.1071,-0.2048,0.0478,-0.3041,0.4849,0.5808,0.3491,0.1377,0.4999,-1.0174,0.3919,-1.0148,-1.2728,,-0.2117,-0.2425,-0.5819,1.4232,0.6524,-2.9664,0.8782,-1.3141,1.0696,1.2899,1.4323,,-0.2204,-0.5085,-0.2573,-0.2894,0.0938,0.2166,-0.0689,-0.1069,0.1902,-0.9105,1.1173,-1.3173,0.6690,-0.1641,-0.7668,1.0231,-0.6216,1.9650,0.4885,-3.0830,0.5894,-1.1446,0.3021,0.7143,0.3106,1.7794
1019317,-1.1982,-0.4894,-0.0639,1.2677,-0.1885,-0.6195,-0.8295,-1.0832,-0.4835,0.3751,0.8318,0.7986,-1.2091,2.5487,-0.4101,-0.6310,-0.2598,0.3239,-0.3501,-1.1254,2.1336,-0.6057,-0.6312,0.4379,1.4608,,-0.9580,-1.4801,-0.9548,-0.6158,-1.3917,-0.6527,-0.7387,-0.8137,-0.4338,-0.6825,0.1646,-0.1059,-0.0568,-1.2464,0.0866,1.7583,-0.3348,-0.1362,0.9537,0.7014,1.5249,1.4809,1.2761,0.8392,1.8162,,-0.2923,-0.6652,-0.5090,-0.8041,-0.6647,-0.0395,0.0811,0.2032,-0.4328,0.0417,-0.5499,-0.1543,-0.4538,0.3596,-0.1711,-0.5447,-0.4435,0.6025,0.1422,-0.8585,1.3279,-0.1404,0.6026,0.1230,-1.0416,4.2820,-0.8108,-0.6609,-0.9036,-0.5167,-0.8169,-0.7987,-0.6418,-0.8414,0.0496,-0.1291,-0.7786,0.3435,-0.3234,0.9784,0.5765,-0.7470,-0.1030,0.3488,0.0957,-0.8665,1.3919,0.9647,1.3944,0.6488,-1.1933,3.3395,-0.6850,-0.8111,-0.1474,-0.7594,-0.8657,-0.5920,-0.4420,-0.6441,-1.1017,-0.4464,-0.0234,-0.3172,-0.5807,,-0.2394,1.0991,-0.5653,0.3711,0.8232,-1.0634,2.1707,-0.2159,2.7647,1.4526,0.8187,,-0.1971,0.7798,-0.6813,-0.7034,-1.0382,0.5012,-0.6519,-0.9531,-0.6196,-0.8522,-0.1048,-0.0729,-1.0061,-0.2121,-0.6180,-1.4754,-0.1655,-0.8874,0.5658,0.0162,1.2707,0.8200,1.9354,1.0830,0.3471,2.9201
1014367,-0.0158,-1.4285,-0.0234,-0.7190,-0.5232,-0.6912,-0.0140,-0.2418,0.0502,-0.6379,-0.9202,-0.9543,1.3715,-1.3000,-1.1332,1.1148,-0.6300,2.4253,0.6601,-0.6691,1.8592,0.0103,1.0777,1.2572,0.0754,,-0.3410,-0.8955,-0.4061,1.7235,-1.0693,1.7058,-0.2370,0.0443,0.2044,-0.9418,-0.0035,0.2542,-0.1724,-1.8242,-0.8610,1.7435,0.2634,-0.0023,1.6927,1.3343,0.8726,-1.4267,-0.8440,-0.1355,-0.6786,,-0.6540,-1.1222,0.4301,-0.4582,-0.9178,-0.2032,-0.4614,-0.4748,-0.6729,-0.4801,0.0427,-0.0105,0.3579,1.1286,-0.7843,3.0727,-0.1070,-0.0593,1.8513,-0.8975,-1.2312,0.3468,0.2544,1.5853,-1.2289,0.6933,0.1442,-0.3973,-0.3969,-0.0656,-0.6573,0.6027,-0.4329,-0.4068,1.1051,1.8659,0.1025,0.1250,1.2432,-1.7190,1.3550,-0.3992,-0.9526,-0.8486,0.4492,-0.0800,0.4233,-1.6145,-0.1639,2.5520,-1.3882,-0.4454,-0.6901,-1.0679,-0.1260,1.2882,-0.8835,-0.5927,0.3151,-0.6764,-0.5411,-0.5864,-0.6322,-0.4923,-0.4389,,-0.1170,-0.7709,0.0690,3.2486,0.1374,0.7960,-0.8915,0.8868,1.8650,0.5271,-0.6265,,0.8618,-0.7268,1.1082,0.3889,-0.9767,-0.3019,0.6680,0.0555,-0.1768,0.4786,-1.1969,-0.4624,0.2674,-2.2135,0.2840,-0.4707,1.1137,-1.2272,1.2817,-1.0295,-0.6020,0.3332,0.5943,2.2286,-1.4425,1.1630
1012593,-0.1863,-0.6544,0.3915,-0.9320,0.6901,-0.4896,4.1760,-0.2167,-0.4231,-1.0796,-0.5434,-0.7402,-0.4967,0.0563,0.0282,0.4979,-0.1271,1.1052,0.5066,-0.2296,-0.3952,-0.4756,0.3593,-0.0711,-0.7504,,0.2196,-1.1276,-0.6063,0.7074,-0.9781,-0.1847,-0.1171,-0.1321,-0.0130,-1.1428,0.3459,0.9541,-0.2038,-1.3811,-0.9133,-0.1486,0.4898,-0.1529,0.8683,0.4422,-0.1230,0.3726,-0.6929,-0.3171,3.8343,,1.3288,0.6060,-0.3525,-1.1482,1.2148,1.1880,0.3878,0.9204,-1.0378,-0.6804,-0.7087,0.1028,-1.0612,1.1135,-0.9435,-0.9218,-0.6517,-0.4582,2.0071,-0.1488,-1.1597,2.2762,-0.7770,-0.0817,-0.6573,-0.3570,-0.0009,1.1847,0.0268,0.4229,-0.6382,-0.0581,0.2124,-0.3832,0.1104,0.8871,-1.0958,0.4897,-0.3325,-1.1649,0.0699,-1.0062,-0.9247,-0.1153,-0.6731,-0.4079,-0.3893,-0.5271,0.4432,-0.5131,0.3066,4.0766,0.6834,0.1480,1.0653,-0.4901,0.0332,0.7625,1.0023,0.1599,-1.2796,-1.3880,-0.2815,0.3834,-1.1522,,-1.3072,-1.4179,-1.0876,-0.2025,-0.4224,-0.2877,2.0356,-0.6168,1.7803,0.3312,1.5485,,0.5843,-0.5744,0.8802,-0.6493,-0.1309,0.4798,0.2821,0.5778,-0.4210,-0.7165,-1.0802,0.2557,-0.8798,-1.2830,0.0774,-1.1159,0.3617,-1.2276,-0.3078,-0.4403,-0.0362,1.5368,0.3729,0.1445,-0.3393,3.6487
1052589,-0.5695,-0.8208,-0.5688,-1.1387,-0.9816,-0.7514,-0.6897,-0.6629,-1.0338,0.6626,1.0711,-0.3400,-0.5990,-0.6116,-1.0612,0.4190,-0.0015,1.3376,0.5220,-1.0315,1.2649,0.5914,1.0879,1.1628,2.7427,,-0.4229,-0.7823,-0.7456,-1.5874,-0.1086,-0.5491,-0.3414,-0.4581,-0.5852,-0.3106,1.7835,-0.0658,0.2538,-1.5477,-0.5440,1.2911,0.2290,2.2865,0.1694,-1.1572,0.4868,-0.4504,0.2620,0.7049,2.1893,,-0.1375,0.0176,-0.1427,-1.3326,-0.1877,0.1324,-0.0827,0.0820,-0.9147,-0.5646,1.9177,-0.0350,-0.6114,-1.5110,-1.0736,0.7385,0.2401,1.8081,-0.0940,-0.6151,0.0284,-0.9159,-0.5578,-0.3030,2.9256,1.1890,-0.2784,-0.2621,-0.1975,-1.5814,0.0599,-0.3288,-0.1104,-0.4752,-1.7027,-1.0454,1.3986,-0.1554,0.4651,-1.0697,-1.4378,1.5122,-0.2071,1.9788,0.3523,-1.1907,0.5654,0.8058,0.5996,0.1985,2.0998,0.0064,-0.7524,-0.6634,-0.7111,-1.0829,-0.6386,-1.0945,-0.8077,-0.5913,-0.6593,-0.5830,1.4635,-0.3175,0.1921,,-0.3363,1.3703,0.2229,2.0133,0.5362,-1.4837,1.4036,-0.3772,0.3844,0.3466,2.1658,,-0.4408,-0.8586,-0.5698,-1.6427,-0.8088,-0.4148,-0.6254,-0.6078,-0.7819,-0.2808,1.9352,-0.5064,1.4420,0.2422,-0.4561,1.3568,0.1426,2.3321,0.2253,-1.3818,0.7525,-0.4536,-0.1013,-0.1048,1.8225,-0.2157
1052590,-1.0704,-1.2909,-0.9035,-0.2626,-0.9184,-0.8790,-0.9885,-1.0224,-0.2380,0.9753,0.7836,-0.4022,-0.0704,-0.3772,-0.8933,0.5777,0.1698,1.5349,0.5837,-1.0856,1.5656,0.1176,0.6461,0.7568,2.6911,,-0.6217,-1.0843,-0.7379,-1.2180,-0.3725,-0.5687,-0.3638,-0.5476,-0.4141,-0.2645,1.5489,-0.1023,0.3481,-1.6278,-0.5296,1.4248,0.0268,2.2968,0.3228,-1.4764,0.9112,-0.0662,0.5827,0.6183,1.9148,,-0.8301,-0.4848,-0.6028,-0.9127,-0.8522,-0.4458,-0.6551,-0.5304,-0.2394,-0.5610,1.5996,-0.4763,0.4869,-1.5739,-1.2140,1.3083,0.2270,1.8838,-0.0464,-1.2620,0.1751,0.3394,0.4751,0.6235,2.4417,1.1268,-0.8116,-0.8246,-0.7600,-1.4163,-0.3262,-0.8292,-0.6868,-0.9953,-0.6492,-0.3559,1.5130,-0.2601,0.6118,-0.7655,-1.0050,1.4274,-0.0663,1.9486,0.5279,-1.5047,1.0224,1.0698,0.7184,0.5749,1.8780,-0.0355,-0.6874,-0.6021,-0.6865,-1.1719,-0.4849,-1.0549,-0.7258,-0.5114,-1.1051,-0.3933,1.4226,-0.4843,-0.3178,,0.1436,0.8993,0.1010,1.9229,0.7266,-1.4848,1.6375,-0.2553,0.5295,0.3378,2.2446,,-0.4718,-0.9056,-0.5290,-1.1956,-0.7875,-0.4948,-0.6849,-0.5948,-0.9222,-0.5440,2.0214,-0.5533,1.2432,0.3049,-1.0541,1.0832,-0.0324,2.1724,0.1878,-1.4872,0.9727,-0.1834,0.3161,0.5305,1.9170,-0.3085
1025452,-0.8683,-0.7975,-0.7752,-0.4395,-0.7568,-1.2631,-0.9899,-0.8506,-0.2328,0.8005,-0.5018,-0.6851,1.7615,-0.9324,0.5939,1.5018,0.8374,0.7764,0.9577,0.5823,1.5173,0.8001,0.7048,0.4399,-2.1807,,-0.5646,-0.4498,-0.2239,-0.0604,-0.4948,-0.4031,-0.3867,-0.3733,-0.3783,1.6556,-0.4166,-0.9068,0.8588,-1.9598,1.7144,1.4236,1.4695,0.5258,0.3813,-0.7678,-0.0118,1.0940,0.2914,0.3735,-2.3901,,-0.9474,-0.5925,-0.5605,0.3071,-0.7603,-0.8464,-0.7178,-0.6483,0.1492,0.6675,-0.1214,-0.8719,0.8146,-0.5506,0.3868,1.0107,1.6631,0.2307,0.8498,-0.7773,-0.2238,1.1621,0.0237,0.5731,-2.6432,2.4229,-0.5290,-0.4100,-0.2912,-0.1066,-0.1666,-0.4918,-0.3202,-0.5267,-1.3295,0.1029,0.2451,-0.8673,-0.3817,-0.8017,-0.1608,1.2929,1.3411,-0.4405,0.9233,0.0399,-0.2116,1.6976,1.4242,1.1472,-2.8163,1.6373,-0.5230,-0.3885,-0.5763,-0.3536,-0.2661,-1.0692,-0.5833,-0.5428,0.0873,1.1334,-0.6777,-0.9511,0.0870,,0.9415,0.5353,1.1828,0.5940,0.2288,-0.8166,1.2551,1.3646,1.1086,1.2039,-2.9742,,-0.5010,-0.6767,-0.6482,-0.5129,-0.8063,-0.8815,-0.7413,-0.6791,-0.4165,1.0186,-0.5539,-1.0133,1.0723,0.0696,0.9126,1.6951,1.2002,0.4082,0.6617,-0.2149,0.4479,1.0087,0.5365,0.3596,-3.0539,1.3085
1025456,-0.4770,-0.4582,-0.7531,0.6226,-1.4892,-0.2838,-0.7190,-0.7489,0.6730,0.3894,-1.1929,-1.1565,0.2368,-0.3943,-0.0424,1.0321,1.1486,1.4618,0.9164,1.4236,0.3716,0.4405,0.8831,0.8438,-2.7279,,0.6122,0.4007,0.8732,-1.0530,0.0658,0.9359,1.1836,0.7683,-1.7897,-0.6652,-0.4013,-0.7214,-1.9345,-0.6743,0.5244,-0.1058,1.6732,0.7205,-0.2378,1.5993,-1.3549,1.2086,-0.1911,-0.1643,-1.2725,,1.0446,1.4390,0.9664,-1.0576,1.0598,0.3895,1.1580,1.1335,-1.1719,0.0904,-0.0445,-0.0805,-0.3770,-1.0624,0.1455,-0.5776,-0.4278,0.1276,-1.0789,2.0698,-2.6400,0.5675,-0.7925,-0.2700,-0.4514,-0.1594,0.6091,0.8781,0.5710,-0.7257,1.0204,0.0276,0.6352,0.8290,-1.3924,-0.2704,-1.1783,-0.7807,-0.4075,-0.5418,0.2563,-0.3024,0.9132,-1.3358,0.4834,1.8189,-0.8768,1.1844,0.9492,0.4580,-2.7933,-0.0288,0.3509,0.6305,0.2131,-0.4332,-0.5396,-0.1417,0.6476,0.3774,-0.9628,1.3499,-1.1815,-1.4684,-1.3390,,1.1507,1.2854,1.0940,-0.9557,-0.1265,0.3954,1.2416,0.8457,-0.0026,0.1644,-2.5955,,0.4512,0.0260,0.2353,-0.6057,0.1495,0.4177,0.2927,0.1971,-0.2210,0.8962,-1.3870,-0.8316,0.5629,-0.8996,1.0451,0.3032,1.0191,-0.1489,0.0653,1.1201,-1.0072,1.6009,0.2834,-0.2073,-3.6304,0.2727
1025453,-0.3403,-0.2420,-0.3049,-0.9260,-0.9083,-0.9236,-0.5216,-0.3653,-0.4924,0.7437,-1.0592,-1.1227,1.1163,-1.3749,0.2843,1.9065,0.2877,1.0285,0.7222,1.0186,1.0031,1.2667,1.2218,0.1996,-2.2178,,-0.2637,-0.1388,-0.0627,-0.4759,0.0622,-0.3285,-0.1648,-0.2124,-0.6044,1.1946,-0.6487,-1.0775,0.0816,-1.6491,1.4443,1.7331,1.3304,0.6267,0.2311,0.6190,-0.1636,1.0019,0.1939,0.3555,-3.0843,,-0.1468,0.3063,-0.0185,-0.3345,-0.4682,-0.1650,0.2109,0.3238,0.1618,0.1584,0.3332,-1.0383,0.7130,-1.6902,0.2834,0.5994,1.6558,0.7457,0.2922,0.2361,-0.5302,0.0622,-0.6440,-0.3328,-3.1700,2.4562,-0.1852,-0.1213,-0.1118,-0.3358,0.0071,-0.5810,-0.1630,-0.2410,-1.5809,-0.1186,-0.2200,-0.9263,0.0079,-0.7598,-0.0831,1.5401,1.3357,-0.0417,0.7944,0.4667,-0.3716,1.8186,1.4974,0.8043,-3.1001,0.6690,-0.3703,-0.3815,-0.4366,-0.2379,-0.4445,-0.8116,-0.4013,-0.3675,-0.0653,0.9838,-0.9895,-0.9125,0.3171,,0.9758,0.9902,1.1569,0.6370,0.1875,-0.4441,1.1423,1.1399,0.8567,0.8591,-3.3835,,-0.3791,-0.5602,-0.6325,-0.5026,-0.5899,-0.6643,-0.6277,-0.5725,-0.3103,1.0709,-0.4150,-0.9938,1.1413,-0.2614,1.1548,1.7572,1.3603,0.3157,0.6333,-0.0909,0.0992,1.0454,0.5390,-0.0317,-3.2849,0.7997
1025455,-1.0914,-1.4061,-0.9700,2.7978,-0.6218,-0.6869,-0.9977,-1.1963,1.0260,0.3600,0.7567,0.0750,1.4049,-1.1169,-0.6063,-0.1068,0.4777,1.5766,0.2335,-0.2974,1.0941,-0.4564,-0.3694,0.1361,-0.0149,,-0.9239,-1.3487,-0.6936,0.5475,-1.0420,-1.3168,-0.9134,-0.9838,0.2637,0.5514,0.4490,-0.2941,-0.1818,-0.3439,1.0736,0.9398,0.8759,1.6634,0.4732,-1.6575,0.9253,1.0095,1.4586,1.0431,-1.5746,,-0.7940,-0.6092,-0.3440,-0.1699,-0.5693,-0.4166,-0.3958,-0.7202,-0.5296,0.0282,-0.0703,-1.4418,0.0361,0.1410,-0.2005,1.3692,0.0564,0.2181,0.4035,-1.5482,-0.0993,2.7375,2.0229,2.0517,-0.9611,-0.1949,-1.3962,-1.3308,-1.1646,0.8826,-1.1365,-1.2645,-1.3432,-1.3036,0.8587,0.3435,0.5016,-0.4284,0.3078,0.7457,0.0097,0.3545,0.6977,-0.0799,1.1316,-1.0253,0.6821,1.1917,0.8797,1.6432,-1.1956,1.4385,0.4354,1.0094,0.2426,-0.7277,1.7976,-0.1164,0.2272,0.4575,-0.6555,0.1106,0.3209,-1.5499,-1.3121,,-0.7958,-0.9227,0.5560,1.0780,0.4573,-2.5989,-0.7190,1.0682,1.0667,1.0439,-0.4734,,-1.3779,-1.4119,-0.5873,0.5730,0.0482,-1.0449,-1.4944,-1.2940,0.1916,-0.4728,0.7603,-0.0749,0.0726,2.1526,-0.9290,1.3572,0.7738,0.3287,0.1434,-1.5727,1.6155,0.0563,0.0298,0.9441,-0.0273,1.2402
1025454,-0.2630,-0.1628,-0.2913,-1.1762,-1.1484,-1.1581,-0.5324,-0.3098,0.4884,0.6802,-1.3627,-1.5054,1.3627,-0.9739,-0.7614,1.8336,-0.1593,1.3844,0.8243,0.8964,0.5476,0.9962,1.2708,0.8503,-1.3302,,0.0121,0.2449,0.1336,-0.9008,0.3579,-0.1190,-0.0812,-0.1056,-1.1996,0.7940,-0.8768,-0.9795,-0.6840,-1.5261,1.3804,1.7270,1.4367,1.1213,0.0839,1.0960,-0.6149,0.9909,0.0088,0.2525,-2.5524,,0.3747,0.7395,0.3572,-0.7977,0.1837,-0.0394,0.2921,0.3472,0.2214,0.1223,-0.2674,-0.7360,0.1435,-3.0968,0.1539,0.9791,1.5516,0.8771,0.2663,0.8111,-0.7450,-0.2562,-1.2710,-0.2470,-1.8305,1.8665,0.1830,0.2994,0.1387,-0.4708,0.2968,-0.4882,0.0176,0.2409,-1.9905,-0.4708,0.3664,-1.1420,-0.7514,-1.0951,-0.1011,1.7129,1.1311,-0.2024,0.4373,1.0633,-0.5259,1.5669,1.4934,0.4755,-2.6261,0.4411,-0.1733,-0.2595,-0.2721,-0.3994,-0.4985,-0.5840,-0.2544,-0.2442,-0.5680,0.9111,-0.9219,-0.9582,-0.0448,,1.1263,0.7167,1.2567,0.5793,0.1977,-0.1025,1.0799,1.2204,0.9120,0.7736,-3.4929,,-0.3204,-0.3885,-0.5917,-0.6831,-0.4762,-0.5275,-0.5334,-0.4946,-0.5482,0.8569,-0.4048,-1.0859,1.3754,-0.1315,1.0093,1.8174,1.2968,0.5634,0.4571,0.2714,0.2709,1.2948,0.1910,-0.2999,-3.3127,0.3937
