id,name,gene-id,gene-symbol,gene-name,entrez-id,chromosome,start-position,end-position
1022505,"A_23_P89460",26321,"AATF","apoptosis antagonizing transcription factor",26574,"17","n/a","n/a"
1022504,"A_24_P262395",26321,"AATF","apoptosis antagonizing transcription factor",26574,"17","n/a","n/a"
1022506,"CUST_51_PI416408490",26321,"AATF","apoptosis antagonizing transcription factor",26574,"17","n/a","n/a"
1059279,"A_23_P148556",212,"ABCD1","ATP-binding cassette, sub-family D (ALD), member 1",215,"X","n/a","n/a"
1059280,"CUST_15693_PI416261804",212,"ABCD1","ATP-binding cassette, sub-family D (ALD), member 1",215,"X","n/a","n/a"
1022702,"A_24_P60845",40,"ACHE","acetylcholinesterase",43,"7","n/a","n/a"
1059366,"A_23_P109436",132,"ADORA2A","adenosine A2a receptor",135,"22","n/a","n/a"
1059367,"A_24_P237270",132,"ADORA2A","adenosine A2a receptor",135,"22","n/a","n/a"
1025469,"A_23_P343411",119616,"AGRN","agrin",375790,"1","n/a","n/a"
1025470,"A_24_P24819",119616,"AGRN","agrin",375790,"1","n/a","n/a"
1025471,"A_24_P358462",119616,"AGRN","agrin",375790,"1","n/a","n/a"
1025472,"CUST_72_PI416408490",119616,"AGRN","agrin",375790,"1","n/a","n/a"
1026870,"A_23_P27983",330,"APLP1","amyloid beta (A4) precursor-like protein 1",333,"19","n/a","n/a"
1026871,"CUST_16330_PI416261804",330,"APLP1","amyloid beta (A4) precursor-like protein 1",333,"19","n/a","n/a"
1011060,"A_23_P202939",331,"APLP2","amyloid beta (A4) precursor-like protein 2",334,"11","n/a","n/a"
1014250,"A_24_P300952",331,"APLP2","amyloid beta (A4) precursor-like protein 2",334,"11","n/a","n/a"
1019288,"CUST_81_PI416408490",331,"APLP2","amyloid beta (A4) precursor-like protein 2",334,"11","n/a","n/a"
1059145,"A_23_P4649",338,"APOC1","apolipoprotein C-I",341,"19","n/a","n/a"
1059144,"A_24_P109214",338,"APOC1","apolipoprotein C-I",341,"19","n/a","n/a"
1059146,"CUST_82_PI416408490",338,"APOC1","apolipoprotein C-I",341,"19","n/a","n/a"
1030758,"A_23_P150207",569,"BAD","BCL2-associated agonist of cell death",572,"11","n/a","n/a"
1030759,"CUST_106_PI416408490",569,"BAD","BCL2-associated agonist of cell death",572,"11","n/a","n/a"
1030760,"CUST_9995_PI416261804",569,"BAD","BCL2-associated agonist of cell death",572,"11","n/a","n/a"
1029740,"A_23_P208706",578,"BAX","BCL2-associated X protein",581,"19","n/a","n/a"
1058887,"A_23_P346309",578,"BAX","BCL2-associated X protein",581,"19","n/a","n/a"
1058885,"A_23_P346311",578,"BAX","BCL2-associated X protein",581,"19","n/a","n/a"
1058886,"CUST_107_PI416408490",578,"BAX","BCL2-associated X protein",581,"19","n/a","n/a"
1058884,"CUST_16819_PI416261804",578,"BAX","BCL2-associated X protein",581,"19","n/a","n/a"
1058870,"A_23_P212050",587,"BCHE","butyrylcholinesterase",590,"3","n/a","n/a"
1058872,"CUST_109_PI416408490",587,"BCHE","butyrylcholinesterase",590,"3","n/a","n/a"
1058871,"CUST_15179_PI416261804",587,"BCHE","butyrylcholinesterase",590,"3","n/a","n/a"
1027570,"A_23_P352266",593,"BCL2","B-cell CLL/lymphoma 2",596,"18","n/a","n/a"
1027571,"CUST_110_PI416408490",593,"BCL2","B-cell CLL/lymphoma 2",596,"18","n/a","n/a"
1027542,"CUST_1388_PI416573500",593,"BCL2","B-cell CLL/lymphoma 2",596,"18","n/a","n/a"
1027541,"CUST_16900_PI416261804",593,"BCL2","B-cell CLL/lymphoma 2",596,"18","n/a","n/a"
1030940,"A_23_P210886",595,"BCL2L1","BCL2-like 1",598,"20","n/a","n/a"
1030942,"A_24_P100130",595,"BCL2L1","BCL2-like 1",598,"20","n/a","n/a"
1020500,"A_23_P127891",624,"BDNF","brain-derived neurotrophic factor",627,"11","n/a","n/a"
1011968,"A_32_P7316",624,"BDNF","brain-derived neurotrophic factor",627,"11","n/a","n/a"
1022678,"A_23_P29735",8848,"BSN","bassoon (presynaptic cytomatrix protein)",8927,"3","n/a","n/a"
1022680,"CUST_115_PI416408490",8848,"BSN","bassoon (presynaptic cytomatrix protein)",8927,"3","n/a","n/a"
1022679,"CUST_15628_PI416261804",8848,"BSN","bassoon (presynaptic cytomatrix protein)",8927,"3","n/a","n/a"
1026236,"A_23_P202978",830,"CASP1","caspase 1, apoptosis-related cysteine peptidase",834,"11","n/a","n/a"
1026238,"CUST_16232_PI416261804",830,"CASP1","caspase 1, apoptosis-related cysteine peptidase",834,"11","n/a","n/a"
1026239,"CUST_16246_PI416261804",830,"CASP1","caspase 1, apoptosis-related cysteine peptidase",834,"11","n/a","n/a"
1026237,"CUST_16250_PI416261804",830,"CASP1","caspase 1, apoptosis-related cysteine peptidase",834,"11","n/a","n/a"
1026298,"CUST_49_PI416383280",830,"CASP1","caspase 1, apoptosis-related cysteine peptidase",834,"11","n/a","n/a"
1027666,"A_23_P92410",832,"CASP3","caspase 3, apoptosis-related cysteine peptidase",836,"4","n/a","n/a"
1027667,"CUST_143_PI416408490",832,"CASP3","caspase 3, apoptosis-related cysteine peptidase",836,"4","n/a","n/a"
1027668,"CUST_17107_PI416261804",832,"CASP3","caspase 3, apoptosis-related cysteine peptidase",836,"4","n/a","n/a"
1024350,"A_23_P12572",836,"CASP7","caspase 7, apoptosis-related cysteine peptidase",840,"10","n/a","n/a"
1024351,"CUST_144_PI416408490",836,"CASP7","caspase 7, apoptosis-related cysteine peptidase",840,"10","n/a","n/a"
1024352,"CUST_15259_PI416261804",836,"CASP7","caspase 7, apoptosis-related cysteine peptidase",840,"10","n/a","n/a"
1012713,"A_23_P209389",837,"CASP8","caspase 8, apoptosis-related cysteine peptidase",841,"2","n/a","n/a"
1020061,"A_24_P148499",837,"CASP8","caspase 8, apoptosis-related cysteine peptidase",841,"2","n/a","n/a"
1011882,"A_24_P157087",837,"CASP8","caspase 8, apoptosis-related cysteine peptidase",841,"2","n/a","n/a"
1014484,"CUST_16314_PI416261804",837,"CASP8","caspase 8, apoptosis-related cysteine peptidase",841,"2","n/a","n/a"
1058367,"A_23_P8400",1015,"CDK5","cyclin-dependent kinase 5",1020,"7","n/a","n/a"
1058368,"CUST_15042_PI416261804",1015,"CDK5","cyclin-dependent kinase 5",1020,"7","n/a","n/a"
1049231,"A_23_P141467",8774,"CDK5R1","cyclin-dependent kinase 5, regulatory subunit 1 (p35)",8851,"17","n/a","n/a"
1049232,"CUST_360_PI417507815",8774,"CDK5R1","cyclin-dependent kinase 5, regulatory subunit 1 (p35)",8851,"17","n/a","n/a"
1049140,"A_23_P79323",8862,"CDK5R2","cyclin-dependent kinase 5, regulatory subunit 2 (p39)",8941,"2","n/a","n/a"
1049139,"A_24_P51683",8862,"CDK5R2","cyclin-dependent kinase 5, regulatory subunit 2 (p39)",8941,"2","n/a","n/a"
1022067,"A_23_P163390",1131,"CHRNA7","cholinergic receptor, nicotinic, alpha 7 (neuronal)",1139,"15","n/a","n/a"
1022068,"CUST_15465_PI416261804",1131,"CHRNA7","cholinergic receptor, nicotinic, alpha 7 (neuronal)",1139,"15","n/a","n/a"
1022069,"CUST_681_PI416408490",1131,"CHRNA7","cholinergic receptor, nicotinic, alpha 7 (neuronal)",1139,"15","n/a","n/a"
1022066,"CUST_9_PI416558205",1131,"CHRNA7","cholinergic receptor, nicotinic, alpha 7 (neuronal)",1139,"15","n/a","n/a"
1023593,"CUST_8506_PI416261804",1442,"CSNK1D","casein kinase 1, delta",1453,"17","n/a","n/a"
1030216,"A_23_P215944",1497,"CTSB","cathepsin B",1508,"8","n/a","n/a"
1030217,"A_24_P303770",1497,"CTSB","cathepsin B",1508,"8","n/a","n/a"
1030215,"A_24_P397928",1497,"CTSB","cathepsin B",1508,"8","n/a","n/a"
1011598,"A_23_P309739",2084,"ESR1","estrogen receptor 1",2099,"6","n/a","n/a"
1015397,"A_24_P325215",2084,"ESR1","estrogen receptor 1",2099,"6","n/a","n/a"
1015390,"A_24_P383478",2084,"ESR1","estrogen receptor 1",2099,"6","n/a","n/a"
1020672,"CUST_255_PI416408490",2084,"ESR1","estrogen receptor 1",2099,"6","n/a","n/a"
1025549,"A_23_P88033",2244,"FGF14","fibroblast growth factor 14",2259,"13","n/a","n/a"
1025550,"CUST_5071_PI416261804",2244,"FGF14","fibroblast growth factor 14",2259,"13","n/a","n/a"
1025551,"CUST_5862_PI416261804",2244,"FGF14","fibroblast growth factor 14",2259,"13","n/a","n/a"
1057009,"A_23_P155857",2232,"FGF2","fibroblast growth factor 2 (basic)",2247,"4","n/a","n/a"
1057008,"A_23_P218918",2232,"FGF2","fibroblast growth factor 2 (basic)",2247,"4","n/a","n/a"
1011285,"A_23_P253446",2580,"GAP43","growth associated protein 43",2596,"3","n/a","n/a"
1018164,"CUST_282_PI416408490",2580,"GAP43","growth associated protein 43",2596,"3","n/a","n/a"
1017947,"CUST_7097_PI416261804",2580,"GAP43","growth associated protein 43",2596,"3","n/a","n/a"
1011839,"CUST_7101_PI416261804",2580,"GAP43","growth associated protein 43",2596,"3","n/a","n/a"
1056448,"A_23_P66593",2654,"GFAP","glial fibrillary acidic protein",2670,"17","n/a","n/a"
1056447,"A_24_P31165",2654,"GFAP","glial fibrillary acidic protein",2670,"17","n/a","n/a"
1011107,"A_24_P59786",2654,"GFAP","glial fibrillary acidic protein",2670,"17","n/a","n/a"
1018972,"CUST_284_PI416408490",2654,"GFAP","glial fibrillary acidic protein",2670,"17","n/a","n/a"
1028266,"A_23_P77847",2868,"GRB2","growth factor receptor-bound protein 2",2885,"17","n/a","n/a"
1056194,"A_24_P39654",2868,"GRB2","growth factor receptor-bound protein 2",2885,"17","n/a","n/a"
1028267,"A_24_P407717",2868,"GRB2","growth factor receptor-bound protein 2",2885,"17","n/a","n/a"
1055098,"A_23_P79518",3528,"IL1B","interleukin 1, beta",3553,"2","n/a","n/a"
1055100,"CUST_15675_PI416261804",3528,"IL1B","interleukin 1, beta",3553,"2","n/a","n/a"
1055099,"CUST_351_PI416408490",3528,"IL1B","interleukin 1, beta",3553,"2","n/a","n/a"
1015241,"A_23_P4764",3618,"INSR","insulin receptor",3643,"19","n/a","n/a"
1020769,"CUST_354_PI416408490",3618,"INSR","insulin receptor",3643,"19","n/a","n/a"
1054515,"A_23_P124837",4010,"LRP1","low density lipoprotein receptor-related protein 1",4035,"12","n/a","n/a"
1054516,"CUST_15051_PI416261804",4010,"LRP1","low density lipoprotein receptor-related protein 1",4035,"12","n/a","n/a"
1054517,"CUST_3747_PI416261804",4010,"LRP1","low density lipoprotein receptor-related protein 1",4035,"12","n/a","n/a"
1015253,"A_23_P166584",79478,"LRRC15","leucine rich repeat containing 15",131578,"3","n/a","n/a"
1014670,"A_24_P751327",79478,"LRRC15","leucine rich repeat containing 15",131578,"3","n/a","n/a"
1011869,"A_24_P827037",79478,"LRRC15","leucine rich repeat containing 15",131578,"3","n/a","n/a"
1020555,"CUST_441_PI416408490",79478,"LRRC15","leucine rich repeat containing 15",131578,"3","n/a","n/a"
1054302,"A_23_P85008",4104,"MAOB","monoamine oxidase B",4129,"X","n/a","n/a"
1054307,"A_23_P85015",4104,"MAOB","monoamine oxidase B",4129,"X","n/a","n/a"
1054322,"CUST_1150_PI417557136",4104,"MAOB","monoamine oxidase B",4129,"X","n/a","n/a"
1054312,"CUST_1189_PI417557136",4104,"MAOB","monoamine oxidase B",4129,"X","n/a","n/a"
1054310,"CUST_1191_PI417557136",4104,"MAOB","monoamine oxidase B",4129,"X","n/a","n/a"
1054301,"CUST_1198_PI417557136",4104,"MAOB","monoamine oxidase B",4129,"X","n/a","n/a"
1054321,"CUST_1386_PI417557136",4104,"MAOB","monoamine oxidase B",4129,"X","n/a","n/a"
1054320,"CUST_1387_PI417557136",4104,"MAOB","monoamine oxidase B",4129,"X","n/a","n/a"
1054318,"CUST_447_PI416408490",4104,"MAOB","monoamine oxidase B",4129,"X","n/a","n/a"
1054329,"CUST_69_PI417557136",4104,"MAOB","monoamine oxidase B",4129,"X","n/a","n/a"
1054328,"CUST_70_PI417557136",4104,"MAOB","monoamine oxidase B",4129,"X","n/a","n/a"
1030603,"A_23_P257895",5562,"MAPK1","mitogen-activated protein kinase 1",5594,"22","n/a","n/a"
1022050,"A_24_P237265",5562,"MAPK1","mitogen-activated protein kinase 1",5594,"22","n/a","n/a"
1030604,"CUST_17058_PI416261804",5562,"MAPK1","mitogen-activated protein kinase 1",5594,"22","n/a","n/a"
1053765,"A_23_P300600",4718,"NEFH","neurofilament, heavy polypeptide",4744,"22","n/a","n/a"
1053767,"CUST_14388_PI416261804",4718,"NEFH","neurofilament, heavy polypeptide",4744,"22","n/a","n/a"
1053766,"CUST_463_PI416408490",4718,"NEFH","neurofilament, heavy polypeptide",4744,"22","n/a","n/a"
1021076,"A_23_P71492",4721,"NEFL","neurofilament, light polypeptide",4747,"8","n/a","n/a"
1021075,"A_24_P18137",4721,"NEFL","neurofilament, light polypeptide",4747,"8","n/a","n/a"
1026343,"A_23_P115190",4772,"NGF","nerve growth factor (beta polypeptide)",4803,"1","n/a","n/a"
1026344,"CUST_14292_PI416261804",4772,"NGF","nerve growth factor (beta polypeptide)",4803,"1","n/a","n/a"
1053715,"A_23_P389897",4773,"NGFR","nerve growth factor receptor",4804,"17","n/a","n/a"
1053716,"CUST_13775_PI416261804",4773,"NGFR","nerve growth factor receptor",4804,"17","n/a","n/a"
1053652,"A_23_P256470",4821,"NPY","neuropeptide Y",4852,"7","n/a","n/a"
1053653,"CUST_16166_PI416261804",4821,"NPY","neuropeptide Y",4852,"7","n/a","n/a"
1030018,"A_23_P62139",9939,"PQBP1","polyglutamine binding protein 1",10084,"X","n/a","n/a"
1030222,"CUST_15553_PI416261804",9939,"PQBP1","polyglutamine binding protein 1",10084,"X","n/a","n/a"
1030019,"CUST_15555_PI416261804",9939,"PQBP1","polyglutamine binding protein 1",10084,"X","n/a","n/a"
1030020,"CUST_15567_PI416261804",9939,"PQBP1","polyglutamine binding protein 1",10084,"X","n/a","n/a"
1052688,"A_23_P16189",5550,"PRKCG","protein kinase C, gamma",5582,"19","n/a","n/a"
1052689,"CUST_13757_PI416261804",5550,"PRKCG","protein kinase C, gamma",5582,"19","n/a","n/a"
1052690,"CUST_524_PI416408490",5550,"PRKCG","protein kinase C, gamma",5582,"19","n/a","n/a"
1051835,"A_23_P143526",6252,"S100B","S100 calcium binding protein B",6285,"21","n/a","n/a"
1051836,"CUST_17042_PI416261804",6252,"S100B","S100 calcium binding protein B",6285,"21","n/a","n/a"
1051645,"A_23_P19673",6410,"SGK1","serum/glucocorticoid regulated kinase 1",6446,"6","n/a","n/a"
1051647,"CUST_14686_PI416261804",6410,"SGK1","serum/glucocorticoid regulated kinase 1",6446,"6","n/a","n/a"
1051646,"CUST_14699_PI416261804",6410,"SGK1","serum/glucocorticoid regulated kinase 1",6446,"6","n/a","n/a"
1025608,"A_23_P216468",6469,"SLC1A1","solute carrier family 1 (neuronal/epithelial high affinity glutamate transporter, system Xag), member 1",6505,"9","n/a","n/a"
1025609,"A_24_P232252",6469,"SLC1A1","solute carrier family 1 (neuronal/epithelial high affinity glutamate transporter, system Xag), member 1",6505,"9","n/a","n/a"
1051275,"A_23_P251293",6583,"SNCG","synuclein, gamma (breast cancer-specific protein 1)",6623,"10","n/a","n/a"
1051276,"CUST_14363_PI416261804",6583,"SNCG","synuclein, gamma (breast cancer-specific protein 1)",6623,"10","n/a","n/a"
1051242,"A_23_P154840",6607,"SOD1","superoxide dismutase 1, soluble",6647,"21","n/a","n/a"
1051243,"A_24_P151464",6607,"SOD1","superoxide dismutase 1, soluble",6647,"21","n/a","n/a"
1029956,"A_23_P136936",6815,"SYP","synaptophysin",6855,"X","n/a","n/a"
1029958,"CUST_14348_PI416261804",6815,"SYP","synaptophysin",6855,"X","n/a","n/a"
1029957,"CUST_629_PI416408490",6815,"SYP","synaptophysin",6855,"X","n/a","n/a"
1025319,"A_24_P79054",6998,"TGFB1","transforming growth factor, beta 1",7040,"19","n/a","n/a"
1025320,"CUST_651_PI416408490",6998,"TGFB1","transforming growth factor, beta 1",7040,"19","n/a","n/a"
1050553,"A_23_P130333",7233,"TTR","transthyretin",7276,"18","n/a","n/a"
1050554,"CUST_14953_PI416261804",7233,"TTR","transthyretin",7276,"18","n/a","n/a"
1030654,"A_23_P43476",7393,"VLDLR","very low density lipoprotein receptor",7436,"9","n/a","n/a"
1030655,"CUST_12109_PI416261804",7393,"VLDLR","very low density lipoprotein receptor",7436,"9","n/a","n/a"
1030656,"CUST_670_PI416408490",7393,"VLDLR","very low density lipoprotein receptor",7436,"9","n/a","n/a"
1011756,"A_23_P121499",7423,"WFS1","Wolfram syndrome 1 (wolframin)",7466,"4","n/a","n/a"
1020268,"CUST_16106_PI416261804",7423,"WFS1","Wolfram syndrome 1 (wolframin)",7466,"4","n/a","n/a"
1014103,"CUST_671_PI416408490",7423,"WFS1","Wolfram syndrome 1 (wolframin)",7466,"4","n/a","n/a"